time,drone_x,drone_y,drone_z,target_x,target_y,target_z,error_x,error_y,error_z,position_error,pixel_x,pixel_y,target_radius_px,image_center_x,image_center_y,pixel_error_x,pixel_error_y,vx_command,vz_command,yaw_rate_command,commanded_yaw,tracking_state
2.402418613433838,-3.864377562316043e-25,6.867394863885855e-22,1.00000197767458,0.0,0.0,1.0,3.864377562316043e-25,-6.867394863885855e-22,-1.9776745801003415e-06,1.9776745801003415e-06,,,,160.0,120.0,,,0.0,0.0,0.6,0.012500000000000178,SEARCHING
2.6746439933776855,-2.9704904657144134e-23,1.3720606589551486e-20,1.0000044924259293,0.0,0.0,1.0,2.9704904657144134e-23,-1.3720606589551486e-20,-4.492425929258914e-06,4.492425929258914e-06,,,,160.0,120.0,,,0.0,0.0,0.6,0.025000000000000355,SEARCHING
2.786137819290161,-1.603080458823119e-22,5.372671613408068e-20,1.0000068364278787,0.0,0.0,1.0,1.603080458823119e-22,-5.372671613408068e-20,-6.83642787868699e-06,6.83642787868699e-06,,,,160.0,120.0,,,0.0,0.0,0.6,0.03750000000000053,SEARCHING
2.8913328647613525,-3.930782861391403e-22,1.2161356455838298e-19,1.0000116689632497,0.0,0.0,1.0,3.930782861391403e-22,-1.2161356455838298e-19,-1.166896324966693e-05,1.166896324966693e-05,,,,160.0,120.0,,,0.0,0.0,0.6,0.05000000000000071,SEARCHING
2.999666690826416,-2.0277217317995274e-21,2.1182021602485834e-19,1.000016571260054,0.0,0.0,1.0,2.0277217317995274e-21,-2.1182021602485834e-19,-1.6571260053943604e-05,1.6571260053943604e-05,,,,160.0,120.0,,,0.0,0.0,0.6,0.06250000000000089,SEARCHING
3.1001291275024414,-2.542981021682559e-20,4.03937854939505e-19,1.000024343800842,0.0,0.0,1.0,2.542981021682559e-20,-4.03937854939505e-19,-2.4343800842041574e-05,2.4343800842041574e-05,,,,160.0,120.0,,,0.0,0.0,0.6,0.07500000000000107,SEARCHING
3.215365171432495,-1.0420876266741101e-20,6.575827875119573e-19,1.0000352315442007,0.0,0.0,1.0,1.0420876266741101e-20,-6.575827875119573e-19,-3.523154420070895e-05,3.523154420070895e-05,,,,160.0,120.0,,,0.0,0.0,0.6,0.08750000000000124,SEARCHING
3.3267927169799805,5.960719406612804e-20,8.163852025142906e-19,1.0000468860729363,0.0,0.0,1.0,-5.960719406612804e-20,-8.163852025142906e-19,-4.688607293634739e-05,4.688607293634739e-05,,,,160.0,120.0,,,0.0,0.0,0.6,0.10000000000000142,SEARCHING
3.4398701190948486,8.835465346399972e-20,1.1022886775979877e-18,1.0000644684708224,0.0,0.0,1.0,-8.835465346399972e-20,-1.1022886775979877e-18,-6.44684708224208e-05,6.44684708224208e-05,,,,160.0,120.0,,,0.0,0.0,0.6,0.1125000000000016,SEARCHING
3.536966562271118,2.90585484724114e-19,1.3816641571716834e-18,1.0000805483828674,0.0,0.0,1.0,-2.90585484724114e-19,-1.3816641571716834e-18,-8.054838286741806e-05,8.054838286741806e-05,,,,160.0,120.0,,,0.0,0.0,0.6,0.12500000000000178,SEARCHING
3.6501474380493164,5.790320897348499e-19,1.450228025803556e-18,1.0000982200793358,0.0,0.0,1.0,-5.790320897348499e-19,-1.450228025803556e-18,-9.82200793357979e-05,9.82200793357979e-05,,,,160.0,120.0,,,0.0,0.0,0.6,0.13750000000000195,SEARCHING
3.75974440574646,7.428424192518365e-19,1.907507478717547e-18,1.0001138866263208,0.0,0.0,1.0,-7.428424192518365e-19,-1.907507478717547e-18,-0.00011388662632083602,0.00011388662632083602,,,,160.0,120.0,,,0.0,0.0,0.6,0.15000000000000213,SEARCHING
3.879011392593384,1.3239597696469122e-18,2.099390514633718e-18,1.00013076961779,0.0,0.0,1.0,-1.3239597696469122e-18,-2.099390514633718e-18,-0.00013076961778990537,0.00013076961778990537,,,,160.0,120.0,,,0.0,0.0,0.6,0.1625000000000023,SEARCHING
3.9853813648223877,1.750640119033032e-18,1.951455620900637e-18,1.0001448889623443,0.0,0.0,1.0,-1.750640119033032e-18,-1.951455620900637e-18,-0.00014488896234432502,0.00014488896234432502,,,,160.0,120.0,,,0.0,0.0,0.6,0.1750000000000025,SEARCHING
4.089197874069214,1.8372873094433974e-18,2.868144912166699e-18,1.0001599170480233,0.0,0.0,1.0,-1.8372873094433974e-18,-2.868144912166699e-18,-0.00015991704802331697,0.00015991704802331697,,,,160.0,120.0,,,0.0,0.0,0.6,0.18750000000000266,SEARCHING
4.19167160987854,2.85524017020436e-18,2.557695136824201e-18,1.000172077644151,0.0,0.0,1.0,-2.85524017020436e-18,-2.557695136824201e-18,-0.0001720776441509475,0.0001720776441509475,,,,160.0,120.0,,,0.0,0.0,0.6,0.20000000000000284,SEARCHING
4.397295713424683,3.1579383255805143e-18,1.959937955395332e-18,1.0001851931842964,0.0,0.0,1.0,-3.1579383255805143e-18,-1.959937955395332e-18,-0.00018519318429643938,0.00018519318429643938,,,,160.0,120.0,,,0.0,0.0,0.6,0.21250000000000302,SEARCHING
4.516618490219116,3.849306875473696e-18,3.474278486064285e-18,1.000196229423335,0.0,0.0,1.0,-3.849306875473696e-18,-3.474278486064285e-18,-0.00019622942333508142,0.00019622942333508142,,,,160.0,120.0,,,0.0,0.0,0.6,0.2250000000000032,SEARCHING
4.631931781768799,6.898838219387859e-18,1.0208894340848079e-18,1.0002085399262395,0.0,0.0,1.0,-6.898838219387859e-18,-1.0208894340848079e-18,-0.0002085399262394816,0.0002085399262394816,,,,160.0,120.0,,,0.0,0.0,0.6,0.23750000000000338,SEARCHING
4.72547173500061,7.758204963341171e-18,4.2378123905825385e-19,1.0002269700715436,0.0,0.0,1.0,-7.758204963341171e-18,-4.2378123905825385e-19,-0.00022697007154359738,0.00022697007154359738,,,,160.0,120.0,,,0.0,0.0,0.6,0.25000000000000355,SEARCHING
4.820531129837036,1.2562099035550675e-17,3.892551746355855e-18,1.0002422525399015,0.0,0.0,1.0,-1.2562099035550675e-17,-3.892551746355855e-18,-0.00024225253990151074,0.00024225253990151074,,,,160.0,120.0,,,0.0,0.0,0.6,0.26250000000000373,SEARCHING
4.922484874725342,2.0696194057481637e-17,-2.391191934045963e-18,1.0002574613673991,0.0,0.0,1.0,-2.0696194057481637e-17,2.391191934045963e-18,-0.0002574613673991255,0.0002574613673991255,,,,160.0,120.0,,,0.0,0.0,0.6,0.2750000000000039,SEARCHING
5.04049277305603,2.0692307798446656e-17,2.4241767240003097e-18,1.0002742228197057,0.0,0.0,1.0,-2.0692307798446656e-17,-2.4241767240003097e-18,-0.00027422281970568285,0.00027422281970568285,,,,160.0,120.0,,,0.0,0.0,0.6,0.2875000000000041,SEARCHING
5.153292894363403,2.88828243240939e-17,1.0687982312200373e-17,1.0002924337407915,0.0,0.0,1.0,-2.88828243240939e-17,-1.0687982312200373e-17,-0.00029243374079146456,0.00029243374079146456,,,,160.0,120.0,,,0.0,0.0,0.6,0.30000000000000426,SEARCHING
5.253889560699463,3.077477681399463e-17,-4.611980357124883e-18,1.0003128248690099,0.0,0.0,1.0,-3.077477681399463e-17,4.611980357124883e-18,-0.0003128248690098534,0.0003128248690098534,,,,160.0,120.0,,,0.0,0.0,0.25,0.30520833333333774,SEARCHING
5.346921920776367,1.4231120189824583e-17,1.1034172707918939e-17,1.0003332200919237,0.0,0.0,1.0,-1.4231120189824583e-17,-1.1034172707918939e-17,-0.0003332200919237138,0.0003332200919237138,,,,160.0,120.0,,,0.0,0.0,0.25,0.3104166666666712,SEARCHING
5.444820880889893,2.2527235512644142e-17,7.701475688997332e-18,1.0003461271484622,0.0,0.0,1.0,-2.2527235512644142e-17,-7.701475688997332e-18,-0.00034612714846216086,0.00034612714846216086,,,,160.0,120.0,,,0.0,0.0,0.25,0.3156250000000047,SEARCHING
5.538432836532593,8.17445134178032e-18,-3.883713564932424e-17,1.0003572031294614,0.0,0.0,1.0,-8.17445134178032e-18,3.883713564932424e-17,-0.0003572031294614142,0.0003572031294614142,,,,160.0,120.0,,,0.0,0.0,0.25,0.3208333333333382,SEARCHING
5.632184982299805,-1.319608915717993e-17,2.2297600965929777e-18,1.0003676016188199,0.0,0.0,1.0,1.319608915717993e-17,-2.2297600965929777e-18,-0.0003676016188198794,0.0003676016188198794,,,,160.0,120.0,,,0.0,0.0,0.25,0.32604166666667167,SEARCHING
5.725453853607178,4.213111623967038e-17,-3.263936091875959e-17,1.0003787764891978,0.0,0.0,1.0,-4.213111623967038e-17,3.263936091875959e-17,-0.0003787764891978185,0.0003787764891978185,,,,160.0,120.0,,,0.0,0.0,0.25,0.33125000000000515,SEARCHING
5.825529098510742,4.063410148031632e-17,-8.69455116716934e-17,1.0003930256472866,0.0,0.0,1.0,-4.063410148031632e-17,8.69455116716934e-17,-0.0003930256472866045,0.0003930256472866045,,,,160.0,120.0,,,0.0,0.0,0.25,0.33645833333333863,SEARCHING
5.9343414306640625,4.01755830578216e-17,7.316502047124019e-17,1.0004088928452453,0.0,0.0,1.0,-4.01755830578216e-17,-7.316502047124019e-17,-0.0004088928452452567,0.0004088928452452567,,,,160.0,120.0,,,0.0,0.0,0.25,0.3416666666666721,SEARCHING
6.030850410461426,1.4390604811585148e-16,-2.2513092695786795e-17,1.000425440230825,0.0,0.0,1.0,-1.4390604811585148e-16,2.2513092695786795e-17,-0.0004254402308250249,0.0004254402308250249,,,,160.0,120.0,,,0.0,0.0,0.25,0.3468750000000056,SEARCHING
6.137834310531616,-1.912817526218964e-18,-5.326891853848243e-17,1.0004420709693789,0.0,0.0,1.0,1.912817526218964e-18,5.326891853848243e-17,-0.0004420709693788716,0.0004420709693788716,,,,160.0,120.0,,,0.0,0.0,0.25,0.3520833333333391,SEARCHING
6.230700969696045,-1.783451829410408e-16,2.5500637792251364e-16,1.0004566957753565,0.0,0.0,1.0,1.783451829410408e-16,-2.5500637792251364e-16,-0.00045669577535645267,0.00045669577535645267,,,,160.0,120.0,,,0.0,0.0,0.25,0.35729166666667256,SEARCHING
6.34517240524292,-1.399051157274239e-16,-2.1309133485311327e-16,1.0004703449718841,0.0,0.0,1.0,1.399051157274239e-16,2.1309133485311327e-16,-0.00047034497188414015,0.00047034497188414015,,,,160.0,120.0,,,0.0,0.0,0.25,0.36250000000000604,SEARCHING
6.450914144515991,-7.091187209487259e-16,-2.4927685999021596e-16,1.0004842497852549,0.0,0.0,1.0,7.091187209487259e-16,2.4927685999021596e-16,-0.0004842497852548533,0.0004842497852548533,,,,160.0,120.0,,,0.0,0.0,0.25,0.3677083333333395,SEARCHING
6.552053451538086,-7.696468490752059e-16,1.9890950388426566e-16,1.0004980261497396,0.0,0.0,1.0,7.696468490752059e-16,-1.9890950388426566e-16,-0.0004980261497395944,0.0004980261497395944,,,,160.0,120.0,,,0.0,0.0,0.25,0.372916666666673,SEARCHING
6.644446134567261,3.680572676286127e-17,-1.1790844391274345e-15,1.0005114377073436,0.0,0.0,1.0,-3.680572676286127e-17,1.1790844391274345e-15,-0.0005114377073436316,0.0005114377073436316,,,,160.0,120.0,,,0.0,0.0,0.25,0.3781250000000065,SEARCHING
6.74093222618103,-5.240538087164817e-16,-4.655086132268614e-16,1.000524344656495,0.0,0.0,1.0,5.240538087164817e-16,4.655086132268614e-16,-0.0005243446564950904,0.0005243446564950904,,,,160.0,120.0,,,0.0,0.0,0.25,0.38333333333333997,SEARCHING
6.824511289596558,1.2636856840324765e-15,7.745683206166157e-16,1.0005366700236333,0.0,0.0,1.0,-1.2636856840324765e-15,-7.745683206166157e-16,-0.0005366700236333344,0.0005366700236333344,,,,160.0,120.0,,,0.0,0.0,0.25,0.38854166666667345,SEARCHING
6.91692590713501,3.0711994581964127e-15,-1.693313085252458e-15,1.000548377439812,0.0,0.0,1.0,-3.0711994581964127e-15,1.693313085252458e-15,-0.0005483774398120644,0.0005483774398120644,,,,160.0,120.0,,,0.0,0.0,0.25,0.39375000000000693,SEARCHING
7.004548072814941,-1.630869194555149e-16,2.806156688697433e-15,1.0005587250083223,0.0,0.0,1.0,1.630869194555149e-16,-2.806156688697433e-15,-0.000558725008322325,0.000558725008322325,,,,160.0,120.0,,,0.0,0.0,0.25,0.3989583333333404,SEARCHING
7.097127437591553,2.257277112023242e-15,4.187246787465597e-15,1.0005682542301855,0.0,0.0,1.0,-2.257277112023242e-15,-4.187246787465597e-15,-0.000568254230185472,0.000568254230185472,,,,160.0,120.0,,,0.0,0.0,0.25,0.4041666666666739,SEARCHING
7.190184831619263,-1.9959950103451407e-15,-2.9474782728521686e-15,1.0005775614994292,0.0,0.0,1.0,1.9959950103451407e-15,2.9474782728521686e-15,-0.0005775614994292244,0.0005775614994292244,,,,160.0,120.0,,,0.0,0.0,0.25,0.40937500000000737,SEARCHING
7.2854955196380615,-1.2847552750448217e-14,6.444480093802439e-15,1.0005865342569318,0.0,0.0,1.0,1.2847552750448217e-14,-6.444480093802439e-15,-0.0005865342569317811,0.0005865342569317811,,,,160.0,120.0,,,0.0,0.0,0.25,0.41458333333334085,SEARCHING
7.377074480056763,-3.3225380823701185e-15,-4.1765169472350504e-15,1.000595109111227,0.0,0.0,1.0,3.3225380823701185e-15,4.1765169472350504e-15,-0.0005951091112270657,0.0005951091112270657,,,,160.0,120.0,,,0.0,0.0,0.25,0.41979166666667433,SEARCHING
7.469125270843506,-1.0775058220611742e-14,-2.1237728482405254e-14,1.0006032545094103,0.0,0.0,1.0,1.0775058220611742e-14,2.1237728482405254e-14,-0.0006032545094103448,0.0006032545094103448,,,,160.0,120.0,,,0.0,0.0,0.25,0.4250000000000078,SEARCHING
7.56967568397522,-6.705801260812513e-15,7.288717569159464e-15,1.0006109593278543,0.0,0.0,1.0,6.705801260812513e-15,-7.288717569159464e-15,-0.0006109593278542658,0.0006109593278542658,,,,160.0,120.0,,,0.0,0.0,0.25,0.4302083333333413,SEARCHING
7.664218187332153,3.783866798485374e-14,-1.913564647287563e-14,1.000618225370999,0.0,0.0,1.0,-3.783866798485374e-14,1.913564647287563e-14,-0.0006182253709989816,0.0006182253709989816,,,,160.0,120.0,,,0.0,0.0,0.25,0.4354166666666748,SEARCHING
7.765050172805786,2.056606949568985e-14,-8.250775323416663e-15,1.0006250624495272,0.0,0.0,1.0,-2.056606949568985e-14,8.250775323416663e-15,-0.0006250624495272028,0.0006250624495272028,,,,160.0,120.0,,,0.0,0.0,0.25,0.44062500000000826,SEARCHING
7.868625164031982,3.641420559656151e-14,8.04153842085923e-14,1.000631485160388,0.0,0.0,1.0,-3.641420559656151e-14,-8.04153842085923e-14,-0.0006314851603879124,0.0006314851603879124,,,,160.0,120.0,,,0.0,0.0,0.25,0.44583333333334174,SEARCHING
7.9610865116119385,6.511954052774415e-14,-3.838455826225624e-15,1.0006375107891436,0.0,0.0,1.0,-6.511954052774415e-14,3.838455826225624e-15,-0.0006375107891436471,0.0006375107891436471,,,,160.0,120.0,,,0.0,0.0,0.25,0.4510416666666752,SEARCHING
8.056143045425415,-7.208826557409402e-14,4.3971161080507787e-14,1.0006431579519468,0.0,0.0,1.0,7.208826557409402e-14,-4.3971161080507787e-14,-0.0006431579519468045,0.0006431579519468045,,,,160.0,120.0,,,0.0,0.0,0.25,0.4562500000000087,SEARCHING
8.151687860488892,-8.444287843916972e-14,1.0706709314029854e-13,1.0006484457244613,0.0,0.0,1.0,8.444287843916972e-14,-1.0706709314029854e-13,-0.0006484457244613218,0.0006484457244613218,,,,160.0,120.0,,,0.0,0.0,0.25,0.4614583333333422,SEARCHING
8.248839139938354,-8.576418972056267e-14,-2.24253212303576e-13,1.0006533930909196,0.0,0.0,1.0,8.576418972056267e-14,2.24253212303576e-13,-0.0006533930909196073,0.0006533930909196073,,,,160.0,120.0,,,0.0,0.0,0.25,0.46666666666667567,SEARCHING
8.345235347747803,-3.0625786477464205e-13,-6.339945684054518e-14,1.0006580186032126,0.0,0.0,1.0,3.0625786477464205e-13,6.339945684054518e-14,-0.0006580186032125734,0.0006580186032125734,,,,160.0,120.0,,,0.0,0.0,0.25,0.47187500000000915,SEARCHING
8.447087526321411,-1.4924844802187644e-14,-3.508192457123894e-14,1.0006623401773795,0.0,0.0,1.0,1.4924844802187644e-14,3.508192457123894e-14,-0.000662340177379539,0.000662340177379539,,,,160.0,120.0,,,0.0,0.0,0.25,0.47708333333334263,SEARCHING
8.537251710891724,2.8660791748209877e-13,-5.458926337737771e-13,1.0006663749795863,0.0,0.0,1.0,-2.8660791748209877e-13,5.458926337737771e-13,-0.0006663749795863261,0.0006663749795863261,,,,160.0,120.0,,,0.0,0.0,0.25,0.4822916666666761,SEARCHING
8.63853144645691,1.0464794773093726e-13,3.89581040951266e-13,1.0006701393700301,0.0,0.0,1.0,-1.0464794773093726e-13,-3.89581040951266e-13,-0.0006701393700301317,0.0006701393700301317,,,,160.0,120.0,,,0.0,0.0,0.25,0.4875000000000096,SEARCHING
9.869701147079468,1.0872727495486935e-12,4.587981341560771e-13,1.0006736488839838,0.0,0.0,1.0,-1.0872727495486935e-12,-4.587981341560771e-13,-0.0006736488839838017,0.0006736488839838017,,,,160.0,120.0,,,0.0,0.0,0.25,0.4927083333333431,SEARCHING
9.97367548942566,1.007957923222994e-12,-2.7006436158406015e-13,1.0006769182363204,0.0,0.0,1.0,-1.007957923222994e-12,2.7006436158406015e-13,-0.000676918236320434,0.000676918236320434,,,,160.0,120.0,,,0.0,0.0,0.25,0.49791666666667656,SEARCHING
10.067640781402588,-7.177204674732267e-13,2.0630810758761e-12,1.000679961340551,0.0,0.0,1.0,7.177204674732267e-13,-2.0630810758761e-12,-0.0006799613405510385,0.0006799613405510385,,,,160.0,120.0,,,0.0,0.0,0.25,0.50312500000001,SEARCHING
10.161900758743286,3.73104528771062e-13,4.323388594117239e-13,1.0006827913365184,0.0,0.0,1.0,-3.73104528771062e-13,-4.323388594117239e-13,-0.0006827913365183846,0.0006827913365183846,,,,160.0,120.0,,,0.0,0.0,0.25,0.5083333333333435,SEARCHING
10.251559734344482,-2.86970694555009e-12,-2.000366369056797e-12,1.0006854206229228,0.0,0.0,1.0,2.86970694555009e-12,2.000366369056797e-12,-0.0006854206229227611,0.0006854206229227611,,,,160.0,120.0,,,0.0,0.0,0.25,0.513541666666677,SEARCHING
10.347745656967163,-6.019528783820592e-12,1.989892129508683e-12,1.0006878608922132,0.0,0.0,1.0,6.019528783820592e-12,-1.989892129508683e-12,-0.0006878608922131768,0.0006878608922131768,,,,160.0,120.0,,,0.0,0.0,0.25,0.5187500000000105,SEARCHING
10.449615955352783,9.044218825345236e-13,-5.9913435247960235e-12,1.0006901231662602,0.0,0.0,1.0,-9.044218825345236e-13,5.9913435247960235e-12,-0.0006901231662601592,0.0006901231662601592,,,,160.0,120.0,,,0.0,0.0,0.25,0.523958333333344,SEARCHING
10.539859294891357,-3.319989285647383e-12,-7.589541276988155e-12,1.000692217831806,0.0,0.0,1.0,3.319989285647383e-12,7.589541276988155e-12,-0.0006922178318060634,0.0006922178318060636,,,,160.0,120.0,,,0.0,0.0,0.25,0.5291666666666774,SEARCHING
10.626929998397827,4.284534356093987e-12,6.4456782469761725e-12,1.000694154675081,0.0,0.0,1.0,-4.284534356093987e-12,-6.4456782469761725e-12,-0.000694154675080938,0.000694154675080938,,,,160.0,120.0,,,0.0,0.0,0.25,0.5343750000000109,SEARCHING
10.727435111999512,2.468671501162066e-11,-8.643383131179866e-12,1.0006959429152098,0.0,0.0,1.0,-2.468671501162066e-11,8.643383131179866e-12,-0.0006959429152098018,0.0006959429152098022,,,,160.0,120.0,,,0.0,0.0,0.25,0.5395833333333444,SEARCHING
10.817332983016968,3.506325400500001e-12,1.1641654128048662e-11,1.0006975912362113,0.0,0.0,1.0,-3.506325400500001e-12,-1.1641654128048662e-11,-0.0006975912362112702,0.0006975912362112703,,,,160.0,120.0,,,0.0,0.0,0.25,0.5447916666666779,SEARCHING
10.91092324256897,1.5135720272002638e-11,4.169740716323969e-11,1.0006991078174825,0.0,0.0,1.0,-1.5135720272002638e-11,-4.169740716323969e-11,-0.0006991078174825027,0.0006991078174825041,,,,160.0,120.0,,,0.0,0.0,0.25,0.5500000000000114,SEARCHING
11.006873846054077,8.705476500665224e-12,-1.3901277827036031e-11,1.0007005003627463,0.0,0.0,1.0,-8.705476500665224e-12,1.3901277827036031e-11,-0.0007005003627462703,0.0007005003627462705,,,,160.0,120.0,,,0.0,0.0,0.25,0.5552083333333449,SEARCHING
11.100804090499878,-7.771011674349673e-11,2.862075359203917e-11,1.000701776127462,0.03125,0.0,1.0,0.031250000077710116,-2.862075359203917e-11,-0.0007017761274619172,0.03125787892020119,,,,160.0,120.0,,,0.0,0.0,0.25,0.5604166666666783,SEARCHING
11.204315662384033,-3.3890232493758806e-11,1.6027554447505363e-12,1.0007029419447455,0.0625,0.0,1.0,0.06250000003389024,-1.6027554447505363e-12,-0.0007029419447455165,0.06250395292790659,,,,160.0,120.0,,,0.0,0.0,0.25,0.5656250000000118,SEARCHING
11.331719636917114,-5.0793294278585384e-11,-1.6315716771071718e-10,1.0007040042498403,0.09375,0.0,1.0,0.0937500000507933,1.6315716771071718e-10,-0.0007040042498402954,0.09375264333077515,,,,160.0,120.0,,,0.0,0.0,0.25,0.5708333333333453,SEARCHING
11.44325041770935,-1.0529687213582712e-10,-1.2770763024569105e-12,1.000661488530551,0.125,0.0,1.0,0.12500000010529688,1.2770763024569105e-12,-0.0006614885305509244,0.12500175036134603,232.1002960205078,135.7515106201172,83.46006774902344,160.0,120.0,72.10029602050781,15.751510620117188,0.0,-0.1730040916442871,-1.3302504615783692,0.5431197820504625,TRACKING
11.56428337097168,1.617549786654223e-10,-7.550143075716073e-11,1.0005176819445933,0.15625,0.0,1.0,0.15624999983824503,7.550143075716073e-11,-0.00051768194459334,0.15625085741859893,235.34904861450195,137.69009170532226,81.96607093811035,160.0,120.0,75.34904861450195,17.69009170532226,0.0,-0.1741342403030395,-1.28636552066803,0.5163205003698783,TRACKING
11.670302152633667,2.754700910377226e-11,-3.2096029010233144e-10,1.0002513505495236,0.1875,0.0,1.0,0.18749999997245298,3.2096029010233144e-10,-0.00025135054952363234,0.18750016844464065,232.3126733779907,135.82609790802002,73.1725029182434,160.0,120.0,72.3126733779907,15.826097908020017,0.0,-0.1350504444319407,-1.1426066528034209,0.4925161951031405,TRACKING
11.781133651733398,-2.201537366045199e-10,9.305487711206884e-11,0.9998596226956189,0.21875,0.0,1.0,0.21875000022015373,-9.305487711206884e-11,0.00014037730438110074,0.21875004526194924,227.15288979530334,134.6166755542755,63.30252187061309,160.0,120.0,67.15288979530334,14.616675554275503,0.0,-0.10926412310927701,-0.9815908302426337,0.47206638613975205,TRACKING
11.887056112289429,1.3743971988560453e-10,-4.1542626698915316e-10,0.999361384599995,0.25,0.0,1.0,0.24999999986256027,4.1542626698915316e-10,0.0006386154000049826,0.25000081552048836,223.07437836694714,132.65083911027907,54.45703197712898,160.0,120.0,63.074378366947144,12.650839110279065,0.0,-0.07921848080227994,-0.8611181303803679,0.4541264250901609,TRACKING
11.98660659790039,-6.873971995903064e-10,-1.0649477048491067e-09,0.9987834286614993,0.28125,0.0,1.0,0.2812500006873972,1.0649477048491067e-09,0.001216571338500727,0.28125263186765487,219.44047164041996,130.88160827263354,46.82689981040239,160.0,120.0,59.44047164041996,10.881608272633542,0.0,-0.055539335126106454,-0.7637662765254988,0.43821462766254626,TRACKING
12.088126420974731,-7.931496866150017e-10,-3.484835925978081e-10,0.9981485660447459,0.28125,0.0,1.0,0.2812500007931497,3.484835925978081e-10,0.0018514339552541115,0.2812560946074545,216.13630656627296,129.3480453772118,41.638886778006665,160.0,120.0,56.136306566272964,9.348045377211804,0.0,-0.03756264321608382,-0.6837922367933319,0.42396895606268536,TRACKING
12.18107295036316,8.403725839702328e-10,-2.372604360550778e-09,0.997477608735348,0.28125,0.0,1.0,0.2812499991596274,2.372604360550778e-09,0.0025223912646520352,0.28126130996811916,212.9385992680774,128.35122949518768,37.96178414572508,160.0,120.0,52.93859926807741,8.351229495187681,0.0,-0.027670795064412924,-0.6143427795570718,0.41117014815524655,TRACKING
12.276222944259644,-3.3911257940714104e-10,-2.7075672516478285e-09,0.9967871284594985,0.28125,0.0,1.0,0.28125000033911257,2.7075672516478285e-09,0.0032128715405015384,0.28126835092894226,210.68508952425032,127.703299171872,35.55619845586022,160.0,120.0,50.685089524250316,7.703299171872004,0.0,-0.022675495037701852,-0.5690088172252217,0.3993157977963877,TRACKING
12.370930194854736,2.5503499850158312e-09,2.9737173098465314e-10,0.9960893739962408,0.28125,0.0,1.0,0.28124999744965,-2.9737173098465314e-10,0.003910626003759243,0.2812771836839409,208.73235042709084,127.21316557988087,33.83836329348932,160.0,120.0,48.732350427090836,7.213165579880865,0.0,-0.01981845298567482,-0.5332204688671481,0.38820703802832224,TRACKING
12.470059871673584,6.021078112994234e-09,-3.2222884903877816e-09,0.9954118320948677,0.28125,0.0,1.0,0.28124999397892186,3.2222884903877816e-09,0.004588167905132279,0.28128741599628887,206.55102777760905,126.61355762692256,32.56763606905175,160.0,120.0,46.55102777760905,6.613557626922557,0.0,0.0567577711155942,-0.4959787606717339,0.3778741471809943,TRACKING
12.559411764144897,6.517694224614295e-10,2.634476786524398e-09,0.994781173394045,0.28125,0.0,1.0,0.2812499993482306,-2.634476786524398e-09,0.005218826605954963,0.28129841500535113,204.4331680554459,125.87381245749967,31.435996163542086,160.0,120.0,44.43316805544589,5.8738124574996675,0.0,0.045406216892475364,-0.46244830916309715,0.3682398074067632,TRACKING
12.656943559646606,5.878216908175785e-09,9.244748465270915e-09,0.9942060288287855,0.28125,0.0,1.0,0.2812499941217831,-9.244748465270915e-09,0.005793971171214496,0.2813096679736336,202.7391848158738,125.50855617659842,30.615288089340687,160.0,120.0,42.73918481587381,5.508556176598418,0.0,0.03632497351398029,-0.4386792846851263,0.35910065564248983,TRACKING
12.75623083114624,2.8271882636601606e-10,-2.3717448725148635e-09,0.9936857266181514,0.28125,0.0,1.0,0.28124999971728115,2.3717448725148635e-09,0.006314273381848645,0.2813208708740099,201.43047013031799,125.15556151478896,30.01521416694596,160.0,120.0,41.430470130317985,5.155561514788957,0.0,0.029059978811184238,-0.4229608076353121,0.3502889721500875,TRACKING
12.851705312728882,-1.7946621504029536e-08,1.249946135747353e-08,0.9932242328603976,0.28125,0.0,1.0,0.2812500179466215,-1.249946135747353e-08,0.006775767139602373,0.2813316256934247,199.87980558470667,124.75111498461283,29.538507925708476,160.0,120.0,39.87980558470667,4.751114984612826,0.0,0.02324798304894739,-0.4029774430349364,0.3418936087535265,TRACKING
12.965744495391846,-3.4397998435241523e-09,4.012092448079457e-09,0.992819210370239,0.28125,0.0,1.0,0.28125000343979983,-4.012092448079457e-09,0.007180789629760986,0.2813416573751465,198.38764892913161,124.41686663147783,29.076672092781067,160.0,120.0,38.387648929131615,4.416866631477831,0.0,0.018598386439157916,-0.3845812266981793,0.3338814998639812,TRACKING
13.072919607162476,-2.0080921758460437e-08,-3.163875522035667e-08,0.9924646373395772,0.28125,0.0,1.0,0.28125002008092176,3.163875522035667e-08,0.007535362660422762,0.28135094719219267,197.55197180393554,124.09596331046059,28.844122539171217,160.0,120.0,37.551971803935544,4.09596331046059,0.0,0.014878709151326332,-0.37861894848922206,0.32599360510378883,TRACKING
13.18364405632019,-1.9540541749312647e-08,1.0434471154549819e-08,0.9921548635241423,0.28125,0.0,1.0,0.28125001954054174,-1.0434471154549819e-08,0.007845136475857717,0.2813594136649422,197.00878167255811,123.88737615179939,28.692965329324814,160.0,120.0,37.008781672558115,3.887376151799387,0.0,0.011902967321061067,-0.377365237426319,0.318131829324074,TRACKING
13.290194272994995,4.971430043625627e-08,-2.1782444017149326e-08,0.9918834618097037,0.28125,0.0,1.0,0.28124995028569955,2.1782444017149326e-08,0.00811653819029634,0.28136704271805446,195.9182332641647,123.85221068214128,28.44522974830185,160.0,120.0,35.91823326416471,3.8522106821412763,0.0,0.009522373856848855,-0.36504133056945276,0.3105268016038769,TRACKING
13.393214464187622,1.9958255293815193e-08,-2.7773946720664053e-08,0.9916447987029906,0.28125,0.0,1.0,0.28124998004174473,2.7773946720664053e-08,0.008355201297009396,0.2813740582608783,194.8806269512969,123.58175066409495,28.214198683320028,160.0,120.0,34.880626951296904,3.5817506640949546,0.0,0.007617899085479083,-0.35370525282752174,0.30315794216997016,TRACKING
13.499080896377563,5.374153031600504e-08,1.2895810393755413e-07,0.9914340196936773,0.28125,0.0,1.0,0.28124994625846966,-1.2895810393755413e-07,0.008565980306322718,0.28138036230166635,194.222407518343,123.37813793166173,28.063974417748106,160.0,120.0,34.222407518343005,3.378137931661726,0.0,0.006094319268383267,-0.349301464364436,0.2958808283290444,TRACKING
13.599462985992432,1.1654039771201699e-07,4.0969803352633166e-08,0.9912469946904486,0.28125,0.0,1.0,0.2812498834596023,-4.0969803352633166e-08,0.008753005309551365,0.28138605517685233,193.79456488692296,123.24578965558013,27.966328645126357,160.0,120.0,33.794564886922956,3.2457896555801256,0.0,0.0048754554147066136,-0.3485478918581207,0.28861941391533374,TRACKING
13.710717916488647,-9.821638629259358e-08,9.549081027319023e-08,0.9910802403403742,0.28125,0.0,1.0,0.2812500982163863,-9.549081027319023e-08,0.00891975965962577,0.2813915063734539,192.81260593992766,123.16689294531653,27.731292215828717,160.0,120.0,32.812605939927664,3.1668929453165333,0.0,0.0039003643317652914,-0.33675894191001005,0.28160360262554196,TRACKING
13.814443111419678,-1.106077801159728e-07,2.965502225161232e-07,0.9909308269316933,0.3125,0.0,1.0,0.3125001106077801,-2.965502225161232e-07,0.00906917306830668,0.3126316827036339,191.47819386095298,122.8726111975368,26.436920979717378,160.0,120.0,31.478193860952985,2.8726111975367985,0.0,0.0031202914654122334,-0.31861561403576244,0.2749657773331302,TRACKING
13.91080355644226,-1.4012759707911022e-07,-1.7473842829117923e-07,0.9907963014149807,0.34375,0.0,1.0,0.3437501401275971,1.7473842829117923e-07,0.009203698585019349,0.3438733297384621,190.61082600961942,122.56719727839891,24.86810775241688,160.0,120.0,30.610826009619416,2.5671972783989077,0.0,0.0024962331723297868,-0.3097154905586498,0.2685133712798251,TRACKING
14.001380443572998,-5.879824029695852e-07,-8.688573195553459e-08,0.9906746538071725,0.375,0.0,1.0,0.375000587982403,8.688573195553459e-08,0.009325346192827544,0.375116519322692,189.92810227490497,122.22086176367412,23.07136537598503,160.0,120.0,29.928102274904973,2.2208617636741224,0.0,0.0019969865378638295,-0.30405049806308204,0.26217898590351085,TRACKING
14.108775854110718,-1.617964936677221e-07,5.1116582815013e-08,0.9905642164019436,0.40625,0.0,1.0,0.40625016179649365,-5.1116582815013e-08,0.009435783598056413,0.4063597273005646,188.80326418986988,121.94356090932763,21.282317078893445,160.0,120.0,28.80326418986988,1.9435609093276298,0.0,0.001597589230291064,-0.2898253659001043,0.2561409574472586,TRACKING
14.20880937576294,1.2911784497155079e-06,-6.719669463567328e-07,0.990465729330114,0.40625,0.0,1.0,0.4062487088215503,6.719669463567328e-07,0.009534270669885991,0.4063605735511689,187.63477965188224,121.81082511962742,20.02078055730491,160.0,120.0,27.63477965188224,1.8108251196274239,0.7,0.0012780713842328512,-0.27510909742141876,0.25040951791764554,TRACKING
14.29218316078186,2.201039916869084e-05,8.17826045392708e-06,0.9903769179899369,0.40625,0.0,1.0,0.4062279896008313,-8.17826045392708e-06,0.009623082010063122,0.40634195366635406,186.88760677372346,121.52703632775783,19.286749072911032,160.0,120.0,26.887606773723462,1.527036327757827,0.7,0.001022457107386281,-0.2684801925518406,0.2448161805728155,TRACKING
14.39389705657959,9.876908893941416e-05,3.443590023015342e-05,0.9902937922350389,0.4375,0.0,1.0,0.4374012309110606,-3.443590023015342e-05,0.009706207764961117,0.4375089124320998,186.40194440292026,120.9925736130426,18.33259499294271,160.0,120.0,26.401944402920265,0.9925736130425946,0.7,0.0008179656859090248,-0.2663207985410313,0.23926783060321055,TRACKING
14.486432075500488,0.00024818872106244054,8.119288138616229e-05,0.990214329537535,0.4375,0.0,1.0,0.4372518112789376,-8.119288138616229e-05,0.009785670462465035,0.43736130647943194,185.56126386189817,120.47017284847769,17.6486403777675,160.0,120.0,25.56126386189817,0.4701728484776879,0.7,0.00065437254872722,-0.256950457757538,0.23391469606659498,TRACKING
14.579482555389404,0.0004932623697985101,0.0001649978830479692,0.9901375447430313,0.4375,0.0,1.0,0.4370067376302015,-0.0001649978830479692,0.009862455256968716,0.4371180435330814,184.57661121360294,120.06374299726245,17.13984344128862,160.0,120.0,24.576611213602945,0.0637429972624517,0.7,0.000523498038981776,-0.24490636853425435,0.22881248005546473,TRACKING
14.66808533668518,0.0009097102098406254,0.0002926324585078453,0.990059306733005,0.46875,0.0,1.0,0.46784028979015935,-0.0002926324585078453,0.009940693266994982,0.4679459795396521,183.9366884631583,118.9203765822538,16.41992727240584,160.0,120.0,23.936688463158305,-1.0796234177462054,0.7,0.0004187984311854208,-0.23941589531230653,0.22382464890312503,TRACKING
14.769914865493774,0.0015772815560048403,0.00047214530693091904,0.9899692695961174,0.5,0.0,1.0,0.49842271844399516,-0.00047214530693091904,0.010030730403882582,0.498523865762441,183.4338475010529,117.65324584658019,15.63682134507527,160.0,120.0,23.433847501052895,-2.346754153419809,0.7,0.00033503874494833665,-0.23611284954110656,0.2189056312043518,TRACKING
14.88085651397705,0.0025149704906969024,0.0007411226224963464,0.9898590680168019,0.5,0.0,1.0,0.4974850295093031,-0.0007411226224963464,0.010140931983198098,0.49758892908715485,182.62288832685627,116.74259953111208,15.070709062744971,160.0,120.0,22.62288832685627,-3.257400468887923,0.7,0.0002680309959586693,-0.22665423974632654,0.21418366787630339,TRACKING
14.996362924575806,0.0037318814173287634,0.0011351286408766282,0.9897218753931674,0.53125,0.0,1.0,0.5275181185826713,-0.0011351286408766282,0.01027812460683264,0.5276194592653556,181.68468469395071,116.13268969522285,14.379570137991873,160.0,120.0,21.684684693950715,-3.867310304777149,0.7,0.0002144247967669355,-0.21491503350538038,0.20970627134494135,TRACKING
15.100998163223267,0.005291442605500064,0.001654828849241118,0.98954777708004,0.5625,0.0,1.0,0.5572085573944999,-0.001654828849241118,0.010452222919959953,0.5573090380176411,181.09504505106796,115.03624830189486,13.732243193683365,160.0,120.0,21.095045051067956,-4.963751698105142,0.7,0.0001715398374135484,-0.20984371595450652,0.20533452726255597,TRACKING
15.206292152404785,0.007261772388301027,0.002296915106664321,0.9893204431760344,0.5625,0.0,1.0,0.5552382276116989,-0.002296915106664321,0.010679556823965597,0.5553456744716252,180.70498072972737,113.87841636144162,13.272755160702538,160.0,120.0,20.704980729727367,-6.121583638558377,0.7,0.00013723186993083874,-0.20814213739977425,0.20099823273339412,TRACKING
15.309730052947998,0.009653869688897355,0.0030872882756567735,0.9890386963298009,0.5625,0.0,1.0,0.5528461303111026,-0.0030872882756567735,0.010961303670199096,0.5529634032438386,180.10143892085597,113.12582560014701,12.974087939264999,160.0,120.0,20.10143892085597,-6.87417439985299,0.7,0.00010978549594467098,-0.20196457018802863,0.19679063752114345,TRACKING
15.421699047088623,0.01247162409113365,0.004048579222422666,0.9887217052146366,0.5625,0.0,1.0,0.5500283759088663,-0.004048579222422666,0.011278294785363352,0.5501588908960129,179.53393380319505,112.68978567879185,12.83268976473978,160.0,120.0,19.533933803195055,-7.31021432120815,0.7,0.08037834902469193,-0.19632942430150496,0.19270044118152896,TRACKING
15.515340089797974,0.01577320661545362,0.00516750721727335,0.9883872835736941,0.5625,0.0,1.0,0.5467267933845463,-0.00516750721727335,0.011612716426305902,0.5468745239249921,179.41205712466467,111.6833605386268,12.815034987248094,160.0,120.0,19.41205712466467,-8.3166394613732,0.7,0.08205761180367382,-0.19876626577950726,0.18855947731112277,TRACKING
15.623404264450073,0.01962124705445562,0.0064275230132585254,0.9880424536398562,0.5625,0.0,1.0,0.5428787529455443,-0.0064275230132585254,0.01195754636014379,0.5430484659464111,179.5587863802996,110.61642441663574,12.876613457119586,160.0,120.0,19.55878638029961,-9.383575583364262,0.7,0.08498819068906632,-0.20539729592056596,0.1842803669794444,TRACKING
15.735832214355469,0.024015448654217585,0.007852250842081243,0.9876909490253375,0.5625,0.0,1.0,0.5384845513457824,-0.007852250842081243,0.012309050974662505,0.5386824506304734,179.47154473484125,110.1590094584597,12.902508297985275,160.0,120.0,19.471544734841245,-9.840990541540293,0.7,0.08161610445997038,-0.20671549773342007,0.17997379410999814,TRACKING
15.850335359573364,0.028941976885523198,0.009473949313330631,0.9873335452056429,0.5625,0.0,1.0,0.5335580231144768,-0.009473949313330631,0.01266645479435713,0.5337924304656985,179.1956283757425,109.91766965507888,12.949086620039305,160.0,120.0,19.1956283757425,-10.082330344921118,0.6792215984908637,0.07696450707152097,-0.20409271701475704,0.17572186250552413,TRACKING
15.955605506896973,0.03444052412434968,0.011288635512630792,0.9869640521602058,0.5625,0.0,1.0,0.5280594758756503,-0.011288635512630792,0.013035947839794226,0.5283409687785771,179.39475869447676,109.30534109550342,13.081501048661535,160.0,120.0,19.394758694476764,-10.694658904496578,0.6479297393324501,0.07753915048606493,-0.2101382918378734,0.17134398142556861,TRACKING
16.066680192947388,0.040557985860039794,0.013280817002061317,0.9865747581425052,0.59375,0.0,1.0,0.5531920141399602,-0.013280817002061317,0.01342524185749483,0.5535142470861978,179.5837675288513,108.49847171207722,12.90855014642797,160.0,120.0,19.583767528851297,-11.501528287922781,0.6561091949950419,0.08069687311260496,-0.21523605352708158,0.1668598969770878,TRACKING
16.17652153968811,0.04728664695030838,0.015451362699051431,0.9861674518666378,0.625,0.0,1.0,0.5777133530496916,-0.015451362699051431,0.01383254813336221,0.5780854627899209,179.37944889375333,108.1490066128502,12.56499392597347,160.0,120.0,19.379448893753334,-11.8509933871498,0.6829370904178512,0.07893885776052326,-0.21248264094402328,0.16243317529075396,TRACKING
16.28562903404236,0.05460919479266768,0.01778907852217919,0.9857417780350767,0.65625,0.0,1.0,0.6016408052073323,-0.01778907852217919,0.014258221964923323,0.6020725925491016,178.97953820427952,108.05694150233211,12.172394796465886,160.0,120.0,18.97953820427952,-11.943058497667892,0.7,0.0750256786104963,-0.20621152054537176,0.15813710194605868,TRACKING
16.394173622131348,0.0625444251443705,0.020240677525938326,0.9852955395385032,0.6875,0.0,1.0,0.6249555748556295,-0.020240677525938326,0.01470446046149676,0.6254561349345796,178.8902703894223,107.64772669819556,11.757326869930608,160.0,120.0,18.890270389422312,-12.352273301804445,0.7,0.07546288911002574,-0.20602618621181085,0.15384488973331267,TRACKING
16.499375104904175,0.07109517660301552,0.022745066872840305,0.9848283079877018,0.6875,0.0,1.0,0.6164048233969844,-0.022745066872840305,0.015171692012298177,0.6170108788446388,179.1036757531245,107.42102235382711,11.574933249451478,160.0,120.0,19.10367575312449,-12.578977646172888,0.7,0.07418319786365474,-0.2112613863059541,0.14944361085193858,TRACKING
16.594164848327637,0.08021193976223129,0.025284543953532232,0.9843484883661295,0.6875,0.0,1.0,0.6072880602377687,-0.025284543953532232,0.015651511633870463,0.6080156791454601,178.93356508181608,107.70601621455793,11.466604599509184,160.0,120.0,18.933565081816084,-12.293983785442066,0.7,0.0677471052295554,-0.20885383760365325,0.1450924892351959,TRACKING
16.688129663467407,0.08984480709952807,0.027853511323146018,0.9838618036257821,0.6875,0.0,1.0,0.597655192900472,-0.027853511323146018,0.016138196374217872,0.5985215026013199,178.662081585407,108.2694364336277,11.470003414104188,160.0,120.0,18.66208158540701,-11.730563566372297,0.7,0.059278937247516594,-0.20467472100826134,0.14082843254752397,TRACKING
16.785956144332886,0.09999637320350725,0.030416914654095944,0.9833640924811968,0.6875,0.0,1.0,0.5875036267964927,-0.030416914654095944,0.016635907518803172,0.5885256609656722,178.68983560497745,108.35254762228769,11.53067359444238,160.0,120.0,18.689835604977446,-11.647452377712312,0.6960526810456639,0.05726332851173906,-0.20624152203484944,0.13653173417179776,TRACKING
16.894968032836914,0.11067362241831855,0.03294537722403082,0.9828509904830794,0.6875,0.0,1.0,0.5768263775816814,-0.03294537722403082,0.017149009516920555,0.5780208960598653,178.92279118400683,108.41996940053193,11.606300627448949,160.0,120.0,18.922791184006826,-11.580030599468074,0.6776723273852999,0.05574697829124499,-0.21134337817217086,0.13212874712654443,TRACKING
17.009235620498657,0.12182422218473836,0.03545391251607758,0.9823301544493215,0.6875,0.0,1.0,0.5656757778152617,-0.03545391251607758,0.01766984555067852,0.5670610980850157,178.94981426960445,108.97298011034576,11.816424833653585,160.0,120.0,18.949814269604445,-11.027019889654241,0.6474018712624191,0.04913870971971979,-0.2121495586310281,0.12770896465506487,TRACKING
17.11815571784973,0.13338349397788352,0.0379679564677384,0.9818117684031866,0.6875,0.0,1.0,0.5541165060221165,-0.0379679564677384,0.018188231596813376,0.5557134870894477,178.6173792752429,109.50743707172474,11.985142151014845,160.0,120.0,18.61737927524291,-10.492562928275262,0.6263439270933714,0.043548950382146435,-0.20622330336546218,0.12341264583495093,TRACKING
17.225907802581787,0.1453380826129815,0.04047518772139005,0.9812954602296723,0.6875,0.0,1.0,0.5421619173870185,-0.04047518772139005,0.01870453977032771,0.5439923209879619,178.9078768816911,110.00220195550779,12.207300968639995,160.0,120.0,18.907876881691095,-9.997798044492214,0.6023417908071014,0.039023175349752325,-0.21222742690063529,0.11899124110785442,TRACKING
17.341700792312622,0.15767972861630317,0.04295951390886858,0.9807792932803463,0.6875,0.0,1.0,0.5298202713836968,-0.04295951390886858,0.019220706719653702,0.531906453590463,179.17875827876327,110.36734084749608,12.425826056785796,160.0,120.0,19.17875827876327,-9.63265915250392,0.5819912210105007,0.03637274632358162,-0.21732242628029477,0.11446369056034822,TRACKING
17.453981161117554,0.17034182582025958,0.0454487980766822,0.9802719897840644,0.6875,0.0,1.0,0.5171581741797404,-0.0454487980766822,0.01972801021593562,0.5195260963172281,179.07388483676252,111.14165736935391,12.611842335851808,160.0,120.0,19.073884836762517,-8.858342630646092,0.5678155744113198,0.02942355815025542,-0.2150752321465393,0.10998295655729518,TRACKING
17.555058240890503,0.1832458966341863,0.04798097022670051,0.9797819814586647,0.6875,0.0,1.0,0.5042541033658137,-0.04798097022670051,0.020218018541335314,0.5069350476529453,178.96562539413978,112.2009331097822,12.862292263939661,160.0,120.0,18.965625394139778,-7.7990668902178015,0.5479692612178712,0.020024615382592533,-0.2129790398835576,0.10554589322638774,TRACKING
17.662867546081543,0.196363557729748,0.05055371579493647,0.9792867886142409,0.6875,0.0,1.0,0.491136442270252,-0.05055371579493647,0.0207132113857591,0.4941656809537333,179.17724451888617,112.93329244970315,13.147524769229236,160.0,120.0,19.17724451888617,-7.066707550296854,0.5264503690353448,-0.06249091438878519,-0.21696026189523152,0.10102588777023724,TRACKING
17.773099422454834,0.2096755784531723,0.05314171660316195,0.9787654150621694,0.6875,0.0,1.0,0.4778244215468277,-0.05314171660316195,0.021234584937830592,0.4812391582857459,179.64020893727601,113.48164009230703,13.477077060768657,160.0,120.0,19.640208937276014,-6.518359907692968,0.5022836756495639,-0.04999273151102816,-0.2252587032029717,0.09633299812017526,TRACKING
17.875497579574585,0.22311069873988298,0.055741553459228245,0.9782191630232859,0.6875,0.0,1.0,0.464389301260117,-0.055741553459228245,0.02178083697671407,0.46822958980217594,179.69166681508878,114.47476688092243,13.809693299719964,160.0,120.0,19.69166681508878,-5.525233119077569,0.48030090557951455,-0.03999418520882253,-0.22534683051689391,0.0916382724844067,TRACKING
17.978570222854614,0.23658604583685297,0.05835866727064717,0.9776566241441822,0.6875,0.0,1.0,0.45091395416314706,-0.05835866727064717,0.022343375855817804,0.45522341168846436,179.62098388146785,115.68385558319528,14.160367560330062,160.0,120.0,19.62098388146785,-4.316144416804718,0.4583674890293628,-0.03199534816705803,-0.22327961462215876,0.08698661384644524,TRACKING
18.073731184005737,0.25006818956062454,0.060959251457915274,0.9770853756258241,0.6875,0.0,1.0,0.43743181043937546,-0.060959251457915274,0.022914624374175907,0.442252980920184,179.88125793115722,116.43184247856425,14.597705482207704,160.0,120.0,19.881257931157222,-3.568157521435751,0.42867703863525947,-0.025596278533646426,-0.22757296164779856,0.0822455104787827,TRACKING
18.16665005683899,0.2635298742086936,0.06350567166695112,0.9765080299357632,0.6875,0.0,1.0,0.4239701257913064,-0.06350567166695112,0.023491970064236756,0.42934311518279383,180.43358501975416,117.15893132993884,15.061801677143503,160.0,120.0,20.43358501975416,-2.841068670061162,0.3988717379389314,-0.020477022826917143,-0.23698163444795617,0.07730839309445026,TRACKING
18.285722970962524,0.27690795033890975,0.06600821332207096,0.9759375293721962,0.6875,0.0,1.0,0.41059204966109025,-0.06600821332207096,0.024062470627803756,0.41655962113913675,180.6318302628402,118.16580498299052,15.43999866582687,160.0,120.0,20.631830262840197,-1.8341950170094776,0.3813823552763401,-0.016381618261533715,-0.23921849858774916,0.07232467437387236,TRACKING
18.38928747177124,0.2901532767436588,0.06848924882740662,0.9753841778353841,0.6875,0.0,1.0,0.3973467232563412,-0.06848924882740662,0.024615822164615886,0.40395684718585206,180.8783105204555,119.13195422344091,15.947132422124625,160.0,120.0,20.8783105204555,-0.8680457765590859,0.350328339606195,-0.013105294609226973,-0.2423439777145921,0.06727584150481825,TRACKING
18.494853496551514,0.30326001578628087,0.07092877880771542,0.9748530903539151,0.6875,0.0,1.0,0.38423998421371913,-0.07092877880771542,0.025146909646084903,0.39154006716613476,181.41147648429217,119.62798292223854,16.480331432657373,160.0,120.0,21.411476484292166,-0.37201707776145554,0.31902109535252243,-0.010484235687381578,-0.25068829287548505,0.06205316873657907,TRACKING
18.598410606384277,0.31621648977014544,0.07330090371706818,0.9743466057054566,0.6875,0.0,1.0,0.37128351022985456,-0.07330090371706818,0.025653394294543386,0.3793185522659981,182.3174597147899,119.86871479362009,17.08393736649951,160.0,120.0,22.31745971478989,-0.13128520637991414,0.2823714128498655,-0.008387388549905263,-0.2654418469927284,0.056523130257563725,TRACKING
18.70638346672058,0.3289580957256225,0.07562285823513965,0.9738683737566,0.6875,0.0,1.0,0.3585419042743775,-0.07562285823513965,0.02613162624340004,0.3673608249371096,182.82781030142985,120.68740593360208,17.72133289357136,160.0,120.0,22.82781030142985,0.6874059336020792,0.24504874878776267,-0.00670991083992421,-0.27198373027596723,0.05085680254348102,TRACKING
18.816444158554077,0.34141448070730557,0.07791683513835766,0.973420841690441,0.6875,0.0,1.0,0.34608551929269443,-0.07791683513835766,0.026579158309559037,0.3557424229952292,183.31301032019698,121.52782925295952,18.33202699102036,160.0,120.0,23.31301032019698,1.5278292529595205,0.21371406868041257,-0.005367928671939368,-0.2779014977452445,0.04506718800712184,TRACKING
18.908071041107178,0.3535655557278386,0.08016195183856112,0.9730033705012716,0.6875,0.0,1.0,0.3339344442721614,-0.08016195183856112,0.026996629498728386,0.34448072456701645,184.01858884924133,122.31157580031235,19.05781478613711,160.0,120.0,24.018588849241326,2.3115758003123545,0.17150399051313467,-0.004294342937551494,-0.28779339527750697,0.03907149227217399,TRACKING
19.003804445266724,0.36540683129174567,0.08233252453747864,0.9726135337253414,0.6875,0.0,1.0,0.32209316870825433,-0.08233252453747864,0.027386466274658572,0.33357558732654813,185.1370804631885,122.57752350726358,19.847923925564317,160.0,120.0,25.13708046318851,2.577523507263578,0.12546428711958646,-0.003435474350041196,-0.30491271141012416,0.03271914411779653,TRACKING
19.099887132644653,0.3769017606226008,0.08444178934778092,0.9722527014762038,0.71875,0.0,1.0,0.3418482393773992,-0.08444178934778092,0.027747298523796204,0.35321459076466716,185.00309232182448,123.1857586268893,19.830487385570663,160.0,120.0,25.003092321824482,3.185758626889296,0.17338536738800936,-0.002748379480032957,-0.2980165189621071,0.02651046663941914,TRACKING
19.207927465438843,0.38801777957099476,0.08650058318356278,0.9719229988819029,0.75,0.0,1.0,0.36198222042900524,-0.08650058318356278,0.028077001118097078,0.37323155920901846,184.30201000918592,123.67939674822512,19.317651502159016,160.0,120.0,24.30201000918592,3.679396748225116,0.267229933976835,-0.0021987035840263657,-0.2817352042256093,0.020640983218052078,TRACKING
19.305012464523315,0.39877178235883426,0.0884744347495018,0.9716271398575476,0.75,0.0,1.0,0.35122821764116574,-0.0884744347495018,0.02837286014245244,0.3633097929650357,184.43642415123452,123.64916670897816,19.292988807671673,160.0,120.0,24.43642415123452,3.649166708978157,0.2913176759100399,-0.0017589628672210929,-0.2825476268219524,0.014754574325928083,TRACKING
19.41714119911194,0.40918561134767045,0.09032480052146202,0.9713660185658723,0.75,0.0,1.0,0.34081438865232955,-0.09032480052146202,0.028633981434127653,0.3537413207337715,184.88046906378094,123.53413716332604,19.484930773540057,160.0,120.0,24.880469063780936,3.5341371633260366,0.2865441072902448,-0.0014071702937768743,-0.289212684434321,0.008729310066879936,TRACKING
19.526692867279053,0.4192266783087605,0.09206458848566837,0.9711358553572537,0.75,0.0,1.0,0.3307733216912395,-0.09206458848566837,0.028864144642746337,0.3445577130781563,185.0973048914576,123.69718915616193,19.87430524923048,160.0,120.0,25.09730489145761,3.697189156161926,0.25930870403522605,-0.0011257362350214995,-0.29135182396159853,0.002659480401013159,TRACKING
19.63439965248108,0.4288511313507097,0.09371860373867774,0.9709316616018422,0.75,0.0,1.0,0.3211488686492903,-0.09371860373867774,0.02906833839815781,0.3358046170300168,185.23824817944745,124.15317295150525,20.29536645475494,160.0,120.0,25.238248179447453,4.153172951505255,0.23125218370593292,-0.0009005889880171996,-0.29215079883847106,-0.0034269945747884556,TRACKING
19.728740453720093,0.4380639449443979,0.09526660322921358,0.9707521585490788,0.78125,0.0,1.0,0.3431860550556021,-0.09526660322921358,0.029247841450921186,0.3573623235667093,184.97986131664084,124.23567234279483,20.06804677408192,160.0,120.0,24.979861316640836,4.235672342794828,0.2783485220807053,-0.0007204711904137598,-0.28573945985575155,-0.009379899988450013,TRACKING
19.82756209373474,0.4469111500701629,0.09668206485419266,0.970603105250147,0.8125,0.0,1.0,0.3655888499298371,-0.09668206485419266,0.029396894749852964,0.3792977804818072,184.3658328904845,123.96446174205492,19.481067980973073,160.0,120.0,24.365832890484512,3.9644617420549224,0.35782671931556004,-0.0005763769523310079,-0.27346743138445895,-0.015077138142292945,TRACKING
19.939815998077393,0.4554302550299933,0.09798806867396913,0.9704872962688571,0.8125,0.0,1.0,0.3570697449700067,-0.09798806867396913,0.029512703731142897,0.3714451023461237,183.77279275210594,123.5618999797478,19.228506680003104,160.0,120.0,23.772792752105943,3.561899979747807,0.3881302530340791,-0.0004611015618648063,-0.2626554785580727,-0.020549127278919332,TRACKING
20.031437397003174,0.463621578415449,0.09921643638068439,0.9704041229652018,0.8125,0.0,1.0,0.348878421584551,-0.09921643638068439,0.029595877034798157,0.36391753218671535,183.2117185176286,123.31974662929213,19.219614413565736,160.0,120.0,23.21171851762861,3.3197466292921263,0.38689881105493923,-0.00036888124949184504,-0.2532613469125898,-0.025825405339598095,TRACKING
20.125308513641357,0.4714943528486768,0.10035026166679442,0.9703533591539596,0.84375,0.0,1.0,0.3722556471513232,-0.10035026166679442,0.029646640846040406,0.3866825121027568,182.55740615999375,123.15054427815609,18.70931087699644,160.0,120.0,22.557406159993747,3.15054427815609,0.4420336833374386,-0.00029510499959347605,-0.2427633811963729,-0.03088297578118926,TRACKING
20.220115900039673,0.4791060401654103,0.10136438695870248,0.9703332066607868,0.84375,0.0,1.0,0.3646439598345897,-0.10136438695870248,0.029666793339213182,0.3796314989755131,182.35991608529477,122.49374382596747,18.562091765787432,160.0,120.0,22.35991608529477,2.4937438259674707,0.44912086716414285,-0.00023608399967478086,-0.24132117693888816,-0.035910500300749604,TRACKING
20.31710457801819,0.48651950478668876,0.10228157133424591,0.9703473484441276,0.875,0.0,1.0,0.38848049521331124,-0.10228157133424591,0.029652651555872378,0.4028124808643297,181.38098601330293,121.69039836114644,17.969538171779163,160.0,120.0,21.38098601330293,1.6903983611464355,0.5056095431809268,-0.0001888671997398247,-0.2253054929147743,-0.040604364736474,TRACKING
20.432680130004883,0.4937458741002919,0.10313292477267208,0.9703940952221595,0.90625,0.0,1.0,0.4125041258997081,-0.10313292477267208,0.02960590477784053,0.4262306460757631,180.0353461393598,121.27664551616608,17.254596755702476,160.0,120.0,20.035346139359802,1.2766455161660843,0.5686313176596609,-0.00015109375979185976,-0.20352455718750037,-0.04484445967788009,TRACKING
20.527944564819336,0.500783491802048,0.10390029348898164,0.9704671960176862,0.90625,0.0,1.0,0.40546650819795205,-0.10390029348898164,0.029532803982313838,0.4196076104748271,179.594676803328,120.8888863579689,16.847504645357,160.0,120.0,19.594676803328014,0.8888863579689001,0.5896357747744359,-0.00012087500783348783,-0.19976882531377332,-0.04900631020525026,TRACKING
20.631865739822388,0.5076776657589497,0.1045562351604951,0.9705629861408784,0.9375,0.0,1.0,0.4298223342410503,-0.1045562351604951,0.029437013859121564,0.4433348431020328,179.01613892118667,120.25461786851963,16.290229530483636,160.0,120.0,19.016138921186666,0.254617868519631,0.6260794451448917,-9.670000626679026e-05,-0.19322905913299887,-0.05303191560385434,TRACKING
20.728414297103882,0.5145061600992057,0.10511889382326842,0.9706830765769002,0.96875,0.0,1.0,0.4542438399007943,-0.10511889382326842,0.029316923423099772,0.4671690592552571,177.92815311005063,119.43031255814128,15.644062297918001,160.0,120.0,17.92815311005063,-0.5696874418587186,0.6690734460033658,-7.73600050134322e-05,-0.1772962216636092,-0.056725586888513035,TRACKING
20.833709239959717,0.5213276325496501,0.10561215323619005,0.9708232112178243,1.0,0.0,1.0,0.4786723674503499,-0.10561215323619005,0.029176788782175667,0.4910523875060043,176.57694759282197,118.55605509150277,14.89615890909775,160.0,120.0,16.576947592821966,-1.4439449084972296,0.7,-6.188800401074577e-05,-0.15724558003563244,-0.06000153647258877,TRACKING
20.93340039253235,0.5281863374687554,0.10601066781124574,0.9709733383519701,1.03125,0.0,1.0,0.5030636625312446,-0.10601066781124574,0.029026661648029917,0.514930924819597,175.6022612661448,117.65160380874438,14.215706511280969,160.0,120.0,15.602261266144808,-2.348396191255617,0.7,-4.951040320859662e-05,-0.14511163338516178,-0.06302469550144618,TRACKING
21.04402232170105,0.5351615499820926,0.10628041584577066,0.9711240749558588,1.0625,0.0,1.0,0.5273384500179074,-0.10628041584577066,0.02887592504414116,0.5387162395053576,174.79647089110935,116.47854354379909,13.586167179109973,160.0,120.0,14.796470891109351,-3.5214564562009087,0.7,-3.96083225668773e-05,-0.13632756213755107,-0.06586485304597867,TRACKING
21.147563219070435,0.5423320586843786,0.10643585613752361,0.9712645522959986,1.09375,0.0,1.0,0.5514179413156214,-0.10643585613752361,0.028735447704001382,0.5623309198605703,173.6990598389867,115.26401999353288,12.97249731388242,160.0,120.0,13.699059838986699,-4.735980006467116,0.7,-3.168665805350184e-05,-0.12210687530337394,-0.06840874628146576,TRACKING
21.245334148406982,0.5497242103889576,0.10650148541325696,0.9713822981355714,1.125,0.0,1.0,0.5752757896110424,-0.10650148541325696,0.02861770186442858,0.5857506068010855,172.49906128914017,114.44005553119678,12.416466782771131,160.0,120.0,12.499061289140172,-5.559944468803224,0.7,-2.534932644280148e-05,-0.10636841163575081,-0.07062475485721054,TRACKING
21.337633848190308,0.5573510499233902,0.10645898173874822,0.9714673124808486,1.15625,0.0,1.0,0.5988989500766098,-0.10645898173874822,0.02853268751915139,0.6089561408285347,171.72591419096844,113.76237123932087,11.875326535784879,160.0,120.0,11.725914190968439,-6.237628760679129,0.7,-2.0279461154241184e-05,-0.09895305324789755,-0.07268627679987505,TRACKING
21.442220449447632,0.5652707247906712,0.10628697194316446,0.9715094964727172,1.1875,0.0,1.0,0.6222292752093288,-0.10628697194316446,0.028490503527282773,0.6318844040832245,171.095696763192,112.80962173463571,11.352165230209025,160.0,120.0,11.095696763191995,-7.190378265364288,0.7,-1.6223568923392948e-05,-0.09391823798552165,-0.07464290675790686,TRACKING
21.54920983314514,0.5735503626054852,0.10601145715925066,0.9715212648125271,1.21875,0.0,1.0,0.6451996373945148,-0.10601145715925066,0.028478735187472903,0.6544708087462108,170.1276287688775,111.80763687897806,10.891298871498659,160.0,120.0,10.127628768877514,-8.192363121021941,0.7,0.08996647609075228,-0.08223905361049713,-0.07635622037479228,TRACKING
21.64199471473694,0.5822069793152803,0.10566867195157396,0.9715239180673836,1.21875,0.0,1.0,0.6365430206847197,-0.10566867195157396,0.028476081932616415,0.6458821662320999,169.324623586245,111.23329641457305,10.661063092768075,160.0,120.0,9.324623586244996,-8.766703585426953,0.7,0.08579101983425363,0.09827634316741804,-0.07430879655880451,TRACKING
21.74746298789978,0.5912422591149854,0.10524685213953741,0.9715270955971638,1.21875,0.0,1.0,0.6275077408850146,-0.10524685213953741,0.02847290440283623,0.6369093899771218,168.97199852563932,110.70290609720686,10.568491917434258,160.0,120.0,8.971998525639322,-9.297093902793137,0.7,0.08249441447311621,0.07862107453393444,-0.07267085750601421,TRACKING
21.84254503250122,0.6007020004123405,0.10472384147899903,0.9715291686279793,1.21875,0.0,1.0,0.6180479995876595,-0.10472384147899903,0.028470831372020666,0.6275037856518797,168.97702990714407,109.97410621782313,10.587414252786736,160.0,120.0,8.977029907144072,-10.025893782176865,0.7,0.08252251966461799,0.06289685962714756,-0.07136050626378188,TRACKING
21.949218273162842,0.6106394178513692,0.10412553919219514,0.9715251716071751,1.21875,0.0,1.0,0.6081105821486308,-0.10412553919219514,0.02847482839282489,0.6176175385181454,168.63506943964364,109.14316850752742,10.60832778634507,160.0,120.0,8.635069439643644,-10.85683149247258,0.7,0.0843348842167711,0.050317487701718046,-0.07031222526999592,TRACKING
22.050753116607666,0.6210558472324703,0.10348910072704136,0.971513554358085,1.21875,0.03125,1.0,0.5976941527675297,-0.07223910072704136,0.028486445641915048,0.6027174010360549,166.66279513576836,108.74305952989282,10.681277080518216,160.0,120.0,6.662795135768363,-11.256940470107182,0.7,0.08181453317920347,0.04025399016137444,-0.06947360047496742,TRACKING
22.145288944244385,0.6319281516588754,0.10280352672591345,0.971493257038031,1.21875,0.0625,1.0,0.5868218483411246,-0.04030352672591345,0.02850674296196898,0.5888946343373661,164.0199953050463,108.65407138180827,10.85805055369182,160.0,120.0,4.019995305046308,-11.345928618191735,0.7,0.07674787513408969,0.032203192129099556,-0.06880270063894445,TRACKING
22.24181890487671,0.6432607800808265,0.10204764206043808,0.9714573761036002,1.21875,0.0625,1.0,0.5754892199191735,-0.03954764206043808,0.028542623896399832,0.5775521964416814,162.4379969482801,108.45014563523591,11.030330792715235,160.0,120.0,2.4379969482801016,-11.549854364764087,0.6847672533208391,0.07403851912380052,0.025762553703279643,-0.06826598077012624,TRACKING
22.33789300918579,0.6550598788541269,0.10124882619716552,0.9714089177961585,1.21875,0.0625,1.0,0.5636901211458731,-0.03874882619716552,0.028591082203841545,0.5657432935446023,161.23469801638205,108.29259466290334,11.251416246267711,160.0,120.0,1.2346980163820547,-11.70740533709666,0.6558841334004979,0.07154861664619358,0.020610042962623715,-0.0678366048750716,TRACKING
22.43343234062195,0.6672804499138572,0.10044610075386412,0.971356538055278,1.21875,0.0625,1.0,0.5514695500861428,-0.03794610075386412,0.028643461944722004,0.5535151480734868,160.45255371064835,108.64312880688814,11.449025895309608,160.0,120.0,0.4525537106483455,-11.356871193111857,0.6338546342336399,0.06412064819452706,0.01648803437009897,-0.06749310415902787,TRACKING
22.531879425048828,0.6798622998280254,0.09962972196894936,0.9713067653798085,1.21875,0.0625,1.0,0.5388877001719746,-0.037129721968949356,0.028693234620191466,0.5409268632293103,160.19524710064212,109.23216450755835,11.679951815776928,160.0,120.0,0.19524710064212059,-10.767835492441648,0.6111230082114986,0.05523740837027971,0.013190427496079179,-0.06721830358619307,TRACKING
22.643414735794067,0.6927899461965538,0.0987781356529735,0.9712580838598047,1.21875,0.09375,1.0,0.5259600538034462,-0.005028135652973498,0.02874191614019528,0.5267687899719181,158.62190954730215,109.60590799802816,11.937927962176389,160.0,120.0,-1.3780904526978475,-10.394092001971842,0.5882970106913006,0.04995549322730192,0.010552341996863343,-0.06699846312792523,TRACKING
22.746593236923218,0.7060557239123906,0.09791784168810659,0.9712076534856137,1.21875,0.125,1.0,0.5126942760876094,0.02708215831189341,0.028792346514386336,0.5142157749910371,155.4292412057464,109.9188401987183,12.275909078658671,160.0,120.0,-4.5707587942536065,-10.0811598012817,0.5592858239950866,0.04605527357940232,0.008441873597490674,-0.0668225907613107,TRACKING
22.84540581703186,0.7196010112822507,0.09708700836901395,0.9711575883851242,1.21875,0.15625,1.0,0.49914898871774926,0.05916299163098605,0.028842411614875774,0.5034698175903316,151.33972303129374,110.59367480958682,12.636179795018517,160.0,120.0,-8.660276968706256,-9.406325190413185,0.5312190295564277,0.03867334853865756,0.00675349887799254,-0.06668189286801907,TRACKING
22.954193592071533,0.7333535088390487,0.09627486943032713,0.971116486595369,1.21875,0.1875,1.0,0.4853964911609513,0.09122513056967287,0.028883513404631023,0.49473835046963244,146.84581997034093,111.61088862623143,13.018887531358594,160.0,120.0,-13.154180029659074,-8.389111373768571,0.5037352401571921,0.028388745169324797,0.24809742064960394,-0.06151319660448573,TRACKING
23.061610460281372,0.7472860573548258,0.09545898056699863,0.9710844889440365,1.21875,0.21875,1.0,0.4714639426451742,0.12329101943300137,0.02891551105596346,0.4881752057069146,141.93213924292863,112.20923504723598,13.517708022931304,160.0,120.0,-18.067860757071372,-7.790764952764022,0.4660878484484147,0.023829176704047723,0.318732251007173,-0.054872941375169404,TRACKING
23.16421890258789,0.7613792066064353,0.09466494301080851,0.971060358632632,1.21875,0.25,1.0,0.4573707933935647,0.15533505698919148,0.02893964136736804,0.4838951595353751,136.0415922596126,112.68207402398951,14.147663292984571,160.0,120.0,-23.9584077403874,-7.3179259760104856,0.41781732340625716,0.021011527808595526,0.4043190793513297,-0.04644962722201651,TRACKING
23.27910828590393,0.7755623351868138,0.09392986047200089,0.9710325158844593,1.21875,0.28125,1.0,0.44318766481318617,0.1873201395279991,0.02896748411554073,0.48201997474309943,129.45858022631654,113.39805888524651,14.957216472928986,160.0,120.0,-30.541419773683458,-6.601941114753487,0.0,-0.05685789924496246,0.4988182529112477,-0.03605758028636563,TRACKING
23.37346863746643,0.7897510027752978,0.09324244886705346,0.9709799071525128,1.21875,0.3125,1.0,0.42899899722470225,0.21925755113294654,0.02902009284748719,0.4826553419755069,122.75130247364383,114.39744791591318,15.851306288916293,160.0,120.0,-37.24869752635617,-5.602552084086824,0.0,-0.04548631939596997,0.5915220713565975,-0.02373420379976965,TRACKING
23.474087476730347,0.8039070020684054,0.09258103730592096,0.9708990145636704,1.21875,0.34375,1.0,0.4148429979315946,0.25116896269407907,0.02910098543632955,0.48582654117190655,115.83834660786849,115.30834114534358,16.962588284572934,160.0,120.0,-44.16165339213151,-4.691658854656424,0.0,-0.03638905551677598,0.6845712622431345,-0.009472302503037877,TRACKING
23.589094877243042,0.8180007272763962,0.0919719067112423,0.9707980392457662,1.21875,0.375,1.0,0.40074927272360383,0.2830280932887577,0.029201960754233758,0.49148513272637145,108.36992529511451,115.90042174447333,18.23478263140185,160.0,120.0,-51.63007470488549,-4.099578255526666,0.0,-0.029111244413420785,0.7848131031471144,0.006877970479193696,TRACKING
23.692280769348145,0.8319516908248099,0.09145096454968729,0.9706833352036324,1.21875,0.40625,1.0,0.3867983091751901,0.31479903545031274,0.02931666479636763,0.49957064719218225,100.54045144182443,116.81027413390767,19.60219996559919,160.0,120.0,-59.45954855817557,-3.1897258660923313,0.0,-0.023288995530736628,0.8884719431968858,0.025387802629128764,TRACKING
23.802656412124634,0.8456663925444015,0.09100391068771113,0.9705621448804265,1.21875,0.4375,1.0,0.37308360745559854,0.34649608931228887,0.02943785511957353,0.5100171618434363,93.17629343718589,118.10167818703998,20.983202724679266,160.0,120.0,-66.82370656281411,-1.8983218129600203,0.0,-0.018631196424589304,0.9804302539989849,0.04581343292077422,TRACKING
23.913196563720703,0.859097056233947,0.0906053368929652,0.9704389349943632,1.21875,0.4375,1.0,0.35965294376605295,0.3468946631070348,0.029561065005636822,0.5005596905624726,88.40999707572357,119.2001888745545,21.921720606948504,160.0,120.0,-71.59000292427643,-0.7998111254455011,0.0,-0.014904957139671443,1.0226357108344994,0.06711834356315949,TRACKING
24.023300409317017,0.8722014140128421,0.09027711175885532,0.9703134674593668,1.21875,0.4375,1.0,0.3465485859871579,0.34722288824114467,0.029686532540633248,0.49146815439304614,84.41649809922032,120.00512276846044,23.014889115952073,160.0,120.0,-75.58350190077968,0.005122768460438465,0.0,-0.011923965711737155,1.0528661313637067,0.08905305463323687,TRACKING
24.13585925102234,0.8848919257720235,0.09004892911259361,0.9701861731018863,1.21875,0.4375,1.0,0.33385807422797653,0.3474510708874064,0.029813826898113738,0.482775646302016,81.10757259566996,121.21214518341041,24.08705505396992,160.0,120.0,-78.89242740433004,1.2121451834104136,0.0,-0.009539172569389725,1.0734054599082234,0.111415668381325,TRACKING
24.243581533432007,0.8970806786964841,0.08989998005453663,0.9700492937002018,1.21875,0.4375,1.0,0.3216693213035159,0.34760001994546336,0.029950706299798235,0.4745460683029708,78.99108689055461,122.76348564729294,24.824629398514286,160.0,120.0,-81.00891310944539,2.7634856472929386,0.0,-0.007631338055511781,1.0752814908456996,0.133817366107277,TRACKING
24.35623598098755,0.9087282807198471,0.08980110317499317,0.969903071896282,1.21875,0.4375,1.0,0.3100217192801529,0.3476988968250068,0.030096928103718,0.46681239739324515,78.04674287107241,124.30144183346013,25.513961398615585,160.0,120.0,-81.95325712892759,4.301441833460132,0.0,-0.006105070444409425,1.0599183943322583,0.15589899932253237,TRACKING
24.455888271331787,0.9198123412671688,0.08975652069004175,0.9697537464494879,1.21875,0.4375,1.0,0.2989376587328312,0.34774347930995825,0.030246253550512137,0.45956945836848634,76.98038286619706,124.99593681027936,26.103826171764926,160.0,120.0,-83.01961713380294,4.99593681027936,0.0,-0.00488405635552754,1.052003886095844,0.17781574694952917,TRACKING
24.556078672409058,0.9302900626142409,0.08975752063253531,0.9695954137747502,1.25,0.4375,1.0,0.31970993738575915,0.3477424793674647,0.030404586225249775,0.4733536889930893,79.38322893504957,126.29382117643743,25.474356613850567,160.0,120.0,-80.61677106495043,6.293821176437433,0.0,-0.003907245084422033,0.9840647374574032,0.19831709564655853,TRACKING
24.668898820877075,0.9401333617351412,0.08976305011789394,0.9694096056759312,1.28125,0.4375,1.0,0.34111663826485883,0.3477369498821061,0.030590394324068848,0.4880751165951107,84.14909880778222,127.41598376468434,24.03437006423114,160.0,120.0,-75.85090119221778,7.415983764684341,0.0,-0.08457801774965398,0.8807092257101434,0.21666520451551996,TRACKING
24.776784896850586,0.9493631906015985,0.08975149774646846,0.9691760057695511,1.3125,0.4375,1.0,0.36313680939840154,0.34774850225353154,0.030823994230448903,0.503733542440787,89.93367798848618,127.77480152590223,22.221297317415527,160.0,120.0,-70.06632201151382,7.774801525902234,0.0,-0.07840141439472703,0.7685064223666167,0.23267575498149107,TRACKING
24.88500428199768,0.9580015918697717,0.08972907455995276,0.9688848980356043,1.34375,0.4375,1.0,0.38574840813022826,0.34777092544004723,0.03111510196439571,0.5203024125705038,95.55689069251602,127.85362099183645,20.55636500009451,160.0,120.0,-64.44310930748398,7.853620991836451,0.0,-0.07071373338203615,0.6687060880298491,0.24660713181544613,TRACKING
24.987871408462524,0.9660250652364898,0.08967522981851359,0.9685209458052557,1.375,0.4375,1.0,0.4089749347635102,0.3478247701814864,0.03147905419474428,0.5378043313972256,100.8997558971569,128.44929868253547,19.018577138061918,160.0,120.0,-59.10024410284311,8.44929868253547,0.0,-0.07031266591765656,0.5813860033400939,0.25871934021836474,TRACKING
25.079129457473755,0.9734018374512459,0.08956074041026424,0.9680778519752108,1.40625,0.4375,1.0,0.43284816254875413,0.34793925958973576,0.03192214802478921,0.5562717714572641,106.4181737763893,128.93370903012266,17.475851060608164,160.0,120.0,-53.581826223610705,8.933709030122657,0.0,-0.06931576351078203,0.4962695420316344,0.2690582890106903,TRACKING
25.17808485031128,0.980141848016176,0.08939516140655476,0.9675632914326542,1.4375,0.4375,1.0,0.457358151983824,0.3481048385934452,0.03243670856734582,0.5756783806092688,111.75992788385227,128.92535340498011,16.14168200599992,160.0,120.0,-48.24007211614773,8.925353404980115,0.0,-0.06355007147008915,0.41901937934573963,0.2777878594137264,TRACKING
25.27491021156311,0.9862811982526954,0.08918123586304713,0.9669893209321506,1.4375,0.4375,1.0,0.45121880174730455,0.34831876413695284,0.03301067906784938,0.5709764210829446,115.14410075328816,128.89970282725074,15.345367267828172,160.0,120.0,-44.85589924671184,8.899702827250735,0.0,-0.05873990228524208,0.381317676296832,0.28573197766991054,TRACKING
25.388216733932495,0.9918332112823816,0.08891059915788317,0.9663596755103108,1.4375,0.4375,1.0,0.44566678871761845,0.3485894008421168,0.03364032448968923,0.566802547962791,117.3686654896373,128.58480683771296,14.827422226285577,160.0,120.0,-42.631334510362706,8.58480683771296,0.0,-0.05169137513475027,0.36493669495692566,0.29333482548151313,TRACKING
25.497920751571655,0.9968002941586178,0.08860371250519947,0.9656824037488365,1.4375,0.4375,1.0,0.4406997058413822,0.3488962874948005,0.034317596251163485,0.5631363490033237,119.36063171377205,128.20512444451344,14.432904822757012,160.0,120.0,-40.63936828622795,8.205124444513444,0.0,-0.045052328090395756,0.3511180817785704,0.3006497855185666,TRACKING
25.60011649131775,1.0012359256967165,0.08828078706083389,0.9649761317453008,1.4375,0.4375,1.0,0.4362640743032835,0.34921921293916613,0.035023868254699164,0.559917022924892,121.15941061395182,127.43333088893374,14.234321636989323,160.0,120.0,-38.84058938604818,7.433330888933739,0.0,-0.035086360661003485,0.33914557335855244,0.3077153182968697,TRACKING
25.69970178604126,1.0052146087456122,0.08792070971276048,0.9642772094485212,1.4375,0.4375,1.0,0.4322853912543878,0.34957929028723955,0.035722790551478756,0.5570928625054121,122.22640361171517,126.5243633657708,14.038852862489716,160.0,120.0,-37.77359638828483,6.524363365770796,0.0,0.046759775753130194,0.3390217639967166,0.31477827171346817,TRACKING
25.801896810531616,1.008768475636869,0.08748863401709923,0.9636074962709669,1.4375,0.4375,1.0,0.4287315243631309,0.3500113659829008,0.03639250372903313,0.5546558307884428,122.99730997639904,125.93906197205277,13.978528658332548,160.0,120.0,-37.00269002360096,5.9390619720527695,0.0,0.03740782060250416,0.34198478064259674,0.32190295464352214,TRACKING
25.903174877166748,1.0119113417302656,0.08699587042580871,0.9629843407900295,1.4375,0.4375,1.0,0.42558865826973435,0.3505041295741913,0.03701565920997052,0.5525839392555152,123.87325148465938,125.2603902818343,13.938977130113422,160.0,120.0,-36.12674851534062,5.2603902818343045,0.0,0.029926256482003328,0.3406827562397763,0.3290005120651842,TRACKING
26.01848268508911,1.0147054380516791,0.08647707574777777,0.962416444202105,1.4375,0.4375,1.0,0.4227945619483209,0.35102292425222226,0.03758355579789496,0.5508038295346788,124.48534608526785,124.05006651888564,13.845005725928095,160.0,120.0,-35.51465391473215,4.050066518885643,0.0,0.023941005185602663,0.3425382437701111,0.3361367254770613,TRACKING
26.1208233833313,1.0172361471834765,0.08592832393668325,0.961913270079848,1.4375,0.4375,1.0,0.42026385281652345,0.35157167606331674,0.03808672992015205,0.549249440955718,124.74624315915945,122.80754323727567,13.847030563970572,160.0,120.0,-35.25375684084055,2.8075432372756666,0.0,0.019152804148482132,0.3491250153109362,0.34341016329603935,TRACKING
26.211228609085083,1.019543852397784,0.08533119775367655,0.9614720885354876,1.4375,0.4375,1.0,0.417956147602216,0.35216880224632346,0.0385279114645124,0.5479001793720393,124.9260588011343,121.99990310422918,13.857384966297058,160.0,120.0,-35.0739411988657,1.9999031042291762,0.0,0.015322243318785705,0.35530336654620415,0.35081231676575175,TRACKING
26.31443476676941,1.0216452719432974,0.08471278136996767,0.9610839065447334,1.4375,0.4375,1.0,0.41585472805670265,0.3527872186300323,0.03891609345526659,0.5467251949614609,125.51811406302247,121.02199474174799,13.792163413975656,160.0,120.0,-34.481885936977534,1.0219947417479887,0.0,0.012257794655028565,0.3522356413525745,0.35815055929393047,TRACKING
26.42655301094055,1.0235770252386278,0.08411755297924607,0.9607466045242741,1.4375,0.4375,1.0,0.4139229747613722,0.35338244702075394,0.03925339547572593,0.5456667590700879,126.28851822055445,119.95790124217037,13.745964578230296,160.0,120.0,-33.71148177944555,-0.04209875782963479,0.0,0.009806235724022852,0.345158799733794,0.36534136762171787,TRACKING
26.535364627838135,1.0253741013538726,0.08353897160955427,0.9604527061147177,1.4375,0.4375,1.0,0.41212589864612736,0.35396102839044574,0.03954729388528233,0.5447018949918835,126.61830504709575,119.09763580741074,13.782653817967002,160.0,120.0,-33.381694952904255,-0.9023641925892605,0.0,0.007844988579218282,0.34589330684110076,0.3725474781809073,TRACKING
26.64142894744873,1.0270536809436506,0.08295801519683774,0.9601958018208592,1.4375,0.4375,1.0,0.41044631905634943,0.35454198480316224,0.039804198179140826,0.5438295449934258,126.77289742612004,118.53846327481698,13.753806692493981,160.0,120.0,-33.22710257387996,-1.4615367251830236,0.0,0.006275990863374626,0.348971229723917,0.3798177121334887,TRACKING
26.740606546401978,1.0286417884478465,0.0824139294444726,0.9599721751630267,1.4375,0.4375,1.0,0.4088582115521535,0.35508607055552743,0.040027824836973314,0.5430040344393124,127.39682836481981,117.65000112863103,13.69734658637292,160.0,120.0,-32.60317163518019,-2.3499988713689675,0.0,0.0050207926906997,0.3424264387513527,0.3869515962741419,TRACKING
26.85072636604309,1.0301676616340467,0.08196001271812746,0.959776554720848,1.4375,0.4375,1.0,0.4073323383659533,0.3555399872818725,0.040223445279152004,0.5421680938465435,128.20293736901763,116.72250073361018,13.675263339232608,160.0,120.0,-31.797062630982367,-3.2774992663898246,0.0,0.004016634152559761,0.33242557605278783,0.3938771291085752,TRACKING
26.953911781311035,1.0316338705996437,0.08159067108562135,0.9596039088891843,1.4375,0.4375,1.0,0.40586612940035627,0.35590932891437865,0.04039609111081566,0.5413230177811983,128.66941157867984,116.18212623978607,13.64438314941355,160.0,120.0,-31.330588421320158,-3.817873760213928,0.0,0.003213307322047809,0.32887740259367276,0.40072874166260997,TRACKING
27.05172896385193,1.033040427350968,0.08129298058421223,0.9594417912482759,1.4375,0.4375,1.0,0.4044595726490321,0.35620701941578775,0.04055820875172411,0.5404775248663588,128.97261981496024,115.8308828188004,13.624311026031162,160.0,120.0,-31.02738018503976,-4.169117181199596,0.0,0.0025706458576382468,0.32800155406353526,0.40756210737226706,TRACKING
27.159480810165405,1.0344162445758642,0.08109782021945455,0.959292866171664,1.4375,0.4375,1.0,0.40308375542413577,0.35640217978054545,0.04070713382833602,0.5395888234421342,129.57720181160892,115.19007383222026,13.627790225010465,160.0,120.0,-30.422798188391084,-4.809926167779736,0.0,0.0020565166861105976,0.32105831082899955,0.41425082218120446,TRACKING
27.266753435134888,1.0357957709747396,0.08102133465678386,0.9591587973720641,1.4375,0.4375,1.0,0.4017042290252604,0.35647866534321615,0.04084120262793589,0.538619838377455,130.2939311775458,114.68604799094318,13.57924880594003,160.0,120.0,-29.7060688224542,-5.31395200905682,0.0,0.0016452133488884782,0.3120742877855441,0.42075236984340325,TRACKING
27.363720178604126,1.037179746741415,0.08103578134587855,0.9590384900058772,1.4375,0.4375,1.0,0.400320253258585,0.3564642186541215,0.04096150999412285,0.5375880296758008,130.43605419728954,114.44593119411306,13.59849978195123,160.0,120.0,-29.563945802710464,-5.554068805886942,0.0,0.0013161706791107828,0.3138759153646853,0.42729145141350067,TRACKING
27.46087408065796,1.0385550461464892,0.0811285285001154,0.9589293857938047,1.4375,0.4375,1.0,0.3989449538535108,0.3563714714998846,0.04107061420619529,0.5365114139097574,130.46373842037687,114.14137123686685,13.634418325217762,160.0,120.0,-29.53626157962313,-5.858628763133154,0.0,0.0010529365432886263,0.3171088364318854,0.43389788550583175,TRACKING
27.56252098083496,1.039940713786636,0.08131115164690941,0.9588280935508418,1.4375,0.4375,1.0,0.3975592862133639,0.3561888483530906,0.041171906449158246,0.5353681047898152,130.853650889993,114.05300122827987,13.617936028823184,160.0,120.0,-29.14634911000701,-5.946998771720132,0.0,0.000842349234630901,0.312949772635243,0.4404176724357325,TRACKING
27.662033796310425,1.0413632016527485,0.08156367518552216,0.9587323202058196,1.4375,0.4375,1.0,0.39613679834725146,0.35593632481447784,0.041267679794180445,0.534151712271751,131.3886972362103,113.9623930743829,13.636519601901574,160.0,120.0,-28.611302763789695,-6.037606925617098,0.5023660803371927,0.0006738793877047208,0.30606749851800075,0.44679407865485743,TRACKING
27.761654376983643,1.042799079948941,0.08185456341597103,0.9586414518364177,1.4375,0.4375,1.0,0.39470092005105895,0.355645436584029,0.04135854816358231,0.532900574552511,131.5193669181363,114.1898594686858,13.586413589243225,160.0,120.0,-28.480633081863687,-5.810140531314204,0.5220390792716467,0.0005391035101637768,0.30681857440139254,0.45318613228822,TRACKING
27.852951765060425,1.04420014359131,0.08218747901884738,0.9585569579408215,1.4375,0.4375,1.0,0.39329985640869003,0.3553125209811526,0.04144304205917848,0.5316477126370404,131.610385127648,114.62782073350319,13.566402712097451,160.0,120.0,-28.389614872352013,-5.372179266496815,0.5347635843575125,0.0004312828081310214,0.30785699798981697,0.45959981974634134,TRACKING
27.951812267303467,1.0455658550863403,0.08258358721278508,0.9584787825926521,1.46875,0.4375,1.0,0.42318414491365974,0.3549164127872149,0.04152121740734793,0.5538722705344964,133.37174880709227,114.78308271383762,13.262995136886781,160.0,120.0,-26.628251192907726,-5.216917286162385,0.5767670154098807,0.0003450262465048171,0.2776650719688985,0.46538450874569337,TRACKING
28.045371294021606,1.0469637657421147,0.08304137035041972,0.9584067343753464,1.5,0.4375,1.0,0.4530362342578853,0.3544586296495803,0.0415932656246536,0.5767258876008141,135.9711624814459,114.48445580562043,12.775737192751432,160.0,120.0,-24.0288375185541,-5.515544194379572,0.633048084524029,0.0002760209972038537,0.2340864404673368,0.4702613095887629,TRACKING
28.140063762664795,1.0484692239120286,0.0835545890946449,0.9583373955469944,1.5,0.4375,1.0,0.45153077608797143,0.3539454109053551,0.041662604453005625,0.5752331425303779,137.49144238051795,113.94545123581148,12.498186980921975,160.0,120.0,-22.508557619482048,-6.0545487641885245,0.6580384209524965,0.000220816797763083,0.21328487265273677,0.4747047444356949,TRACKING
28.236615419387817,1.0500919272475473,0.08413992470702565,0.9582649911469623,1.5,0.4375,1.0,0.4499080727524527,0.35336007529297436,0.041735008853037714,0.5736047661089,138.41548933566673,113.51322723272082,12.354385988816935,160.0,120.0,-21.584510664333266,-6.486772767279177,0.6650203788128867,0.0001766534382104664,0.20422348644352903,0.47895940040326845,TRACKING
28.33267068862915,1.0518312111147214,0.08481765902982145,0.9581846405311873,1.5,0.4375,1.0,0.44816878888527856,0.35268234097017853,0.04181535946881265,0.5718291888760214,139.46324891535136,113.15859770126853,12.207242887207325,160.0,120.0,-20.536751084648643,-6.841402298731467,0.6719861998885454,0.00014132275056837312,0.19261277390439177,0.4829721665262765,TRACKING
28.42721962928772,1.0537515591023956,0.08558652497696266,0.9581128362754947,1.5,0.4375,1.0,0.4462484408976044,0.3519134750230373,0.041887163724505294,0.5698555074676529,140.42519092705845,112.45784276302669,12.119800659659004,160.0,120.0,-19.574809072941548,-7.54215723697331,0.6719143007402871,0.0829510851865449,0.18255007894797695,0.48677529317102586,TRACKING
28.527808666229248,1.0559285636740106,0.08644184778061524,0.9580693869378306,1.5,0.4375,1.0,0.44407143632598944,0.35105815221938474,0.041930613062169386,0.5676261473118425,140.801374102588,111.59759779596735,12.110590803839388,160.0,120.0,-19.198625897412,-8.402402204032654,0.6637224978552502,0.08272286950466326,0.1831428039839799,0.49059076825402537,TRACKING
28.636993646621704,1.0583710917424634,0.08740068276524228,0.958063013755697,1.5,0.4375,1.0,0.44162890825753665,0.35009931723475773,0.041936986244302976,0.5651232921692771,140.92922828020758,111.09677101061608,12.178324709675167,160.0,120.0,-19.07077171979242,-8.90322898938392,0.6486312119848842,0.07938124514986858,0.18735224187927962,0.4944939399598436,TRACKING
28.74675416946411,1.0610771505167185,0.08848341352852679,0.9580963544562413,1.5,0.4375,1.0,0.43892284948328153,0.3490165864714732,0.041903645543758694,0.5623359858132678,141.47899838213493,110.53790115690046,12.238127142908121,160.0,120.0,-18.521001617865068,-9.46209884309954,0.6369707845847371,0.07780454325347336,0.182647771492397,0.49829910186593507,TRACKING
28.85711359977722,1.0641102323561118,0.08968924157001104,0.9581668545749434,1.5,0.4375,1.0,0.4358897676438882,0.347810758429989,0.04183314542505656,0.5592157233773394,142.05252479067286,109.69081159427046,12.284471191932028,160.0,120.0,-17.947475209327138,-10.309188405729543,0.6287284729865599,0.08022109223850615,0.1772089085965892,0.501990954128364,TRACKING
28.96646785736084,1.0675442407725468,0.09101405180113414,0.9582680932320908,1.5,0.4375,1.0,0.43245575922745316,0.34648594819886586,0.041731906767909166,0.5557085999251276,142.20692477482604,108.7822566012172,12.385247642477376,160.0,120.0,-17.793075225173965,-11.217743398782801,0.615724672874754,0.08360592550309195,0.17930026639063137,0.5057263763448354,TRACKING
29.083250284194946,1.0713858860263703,0.0924747051513656,0.9583959099369445,1.5,0.4375,1.0,0.4286141139736297,0.3450252948486344,0.04160409006305554,0.5518001568437269,142.0941156666252,108.19885222780289,12.452389889500553,160.0,120.0,-17.905884333374786,-11.801147772197112,0.6083765015852703,0.08357539655269164,0.1855559604154517,0.5095921255201574,TRACKING
29.183737993240356,1.0756303947240355,0.09409225605813239,0.9585443092288479,1.5,0.4375,1.0,0.42436960527596446,0.3434077439418676,0.041455690771152076,0.5474824333059779,142.35586283589427,107.70399454865782,12.564345328810127,160.0,120.0,-17.64413716410573,-12.296005451342182,0.5970178539269019,0.08311322287594404,0.1839037728094405,0.5134234541203542,TRACKING
29.27230215072632,1.0803279070185257,0.09588515152934793,0.9587039809046156,1.5,0.4375,1.0,0.41967209298147434,0.34161484847065204,0.041296019095384384,0.542706855969412,142.69267253766722,106.92199007235024,12.63769314658791,160.0,120.0,-17.30732746233278,-13.07800992764976,0.5914635798122945,0.08635093246259712,0.1806081878690794,0.5171861247009599,TRACKING
29.37815546989441,1.0855271600208118,0.09788856607361095,0.958867094492255,1.5,0.4375,1.0,0.41447283997918816,0.33961143392638904,0.041132905507744955,0.5374156464501764,142.58634707380008,106.03540347134407,12.785012363214271,160.0,120.0,-17.413652926199916,-13.964596528655932,0.5782367234048931,0.09080659790480777,0.18538974189386093,0.5210484109904154,TRACKING
29.469785451889038,1.0912254762540279,0.10012199277187749,0.9590283476176715,1.53125,0.4375,1.0,0.4400245237459721,0.3373780072281225,0.04097165238232847,0.555989368205928,143.60612559797005,105.49801225637364,12.63247411770854,160.0,120.0,-16.39387440202995,-14.501987743626358,0.6001480680289553,0.09134850531953935,0.16867759882810268,0.5245625276326678,TRACKING
29.579101085662842,1.097415444663207,0.10257130988742497,0.9591871445195403,1.5625,0.4375,1.0,0.46508455533679305,0.33492869011257503,0.04081285548045965,0.5745838148136586,145.58148163868054,105.23620796664287,12.324573819439628,160.0,120.0,-14.418518361319457,-14.763792033357134,0.6361143889456689,0.089247776802832,0.13538297751594094,0.5273830063309166,TRACKING
29.67169690132141,1.104107819146937,0.10524627042662514,0.959337955634711,1.59375,0.4375,1.0,0.4896421808530631,0.33225372957337485,0.040662044365288974,0.5931234339814316,148.12833843135328,104.95502863229736,11.950648599853775,160.0,120.0,-11.871661568646715,-15.044971367702644,0.6744243339701561,0.08801998382840451,0.09375854050090941,0.529336309258019,TRACKING
29.76171326637268,1.1112872899913155,0.10819388337081137,0.959475516785847,1.59375,0.4375,1.0,0.48246271000868446,0.3293061166291886,0.04052448321415303,0.5855382299543685,149.61466998037963,104.75201861099329,11.85758728891008,160.0,120.0,-10.385330019620369,-15.24798138900671,0.6762891815406533,0.08643693755044067,0.07429525385064659,0.5308841270465741,TRACKING
29.861138343811035,1.1188930526903942,0.11143619369888604,0.9596032925344056,1.59375,0.4375,1.0,0.4748569473096058,0.326063806301114,0.04039670746559443,0.5774414430587996,150.58078548724677,104.97006209714563,11.79709743679668,160.0,120.0,-9.419214512753229,-15.029937902854371,0.6747909996764305,0.08073202202403551,-0.10880614323733273,0.5286173323957963,TRACKING
29.94715905189514,1.1268792951347988,0.11494560343421636,0.9597257827059728,1.59375,0.4375,1.0,0.4668707048652012,0.32255439656578366,0.04027421729402725,0.5688862859868333,151.51468479156392,105.38231991941907,11.839340312219843,160.0,120.0,-8.485315208436077,-14.617680080580925,0.662530364211258,0.07383509561554155,-0.08704491458986618,0.5268038966751742,TRACKING
30.04758596420288,1.1352434341850584,0.1187094595299214,0.9598390596988927,1.625,0.4375,1.0,0.48975656581494165,0.3187905404700786,0.040160940301107284,0.5857489253749589,153.17204511451655,105.7297579476224,11.639177818009426,160.0,120.0,-6.82795488548345,-14.270242052377597,0.6795270760361922,0.06865158888986587,-0.06963593167189296,0.5253531480986764,TRACKING
30.1435706615448,1.1439621735617043,0.1227589500705136,0.9599326290405745,1.65625,0.4375,1.0,0.5122878264382957,0.31474104992948637,0.040067370959425475,0.602582890433498,154.94712366647678,106.02581323175046,11.386581743052561,160.0,120.0,-5.052876333523216,-13.974186768249538,0.7,0.06475065245589898,-0.05570874533751437,0.5241925492374779,TRACKING
30.239222526550293,1.1529668562823623,0.127108851118162,0.9600063724635098,1.6875,0.4375,1.0,0.5345331437176377,0.310391148881838,0.03999362753649016,0.6194092647679525,156.8177154967353,106.7605286006378,11.09323112446976,160.0,120.0,-3.1822845032646967,-13.239471399362202,0.7,0.05654056936733537,-0.0445669962700115,0.5232640701485192,TRACKING
30.335837602615356,1.162208999938262,0.13172852227918944,0.9600699726800566,1.6875,0.4375,1.0,0.5252910000617379,0.3057714777208106,0.03993002731994344,0.6091151273898887,158.17942995935255,107.58991739717726,10.979369065973092,160.0,120.0,-1.8205700406474534,-12.41008260282274,0.7,0.04825918399462522,-0.035653597016009196,0.5225212868773523,TRACKING
30.43253803253174,1.1716892986786078,0.13659442431703103,0.960118982249701,1.6875,0.4375,1.0,0.5158107013213922,0.30090557568296894,0.03988101775029895,0.5984942277512499,159.0832951229932,108.10011424639764,10.983017381209535,160.0,120.0,-0.9167048770067936,-11.899885753602362,0.7,0.04437959418768388,-0.028522877612807362,0.5219270602604187,TRACKING
30.533414125442505,1.1813987420064316,0.14171354734105285,0.9601521335338081,1.6875,0.4375,1.0,0.5061012579935684,0.29578645265894715,0.03984786646619187,0.5875508159990449,159.2981207117815,108.46489115468972,11.02555726221796,160.0,120.0,-0.7018792882184925,-11.535108845310276,0.6977826643472362,0.04240543758154119,-0.02281830209024589,0.521451678966872,TRACKING
30.6353280544281,1.1912948568658244,0.14707506170288037,0.9601770000777424,1.6875,0.4375,1.0,0.49620514313417563,0.29042493829711963,0.039822999922257574,0.5763263486779878,159.3051401569939,109.01808882696434,11.1448738342875,160.0,120.0,-0.6948598430060997,-10.981911173035655,0.6777076378848883,0.03842224540628445,-0.01825464167219671,0.5210713739320347,TRACKING
30.737170696258545,1.2013634570769176,0.1526279659098467,0.9601978318725041,1.6875,0.4375,1.0,0.4861365429230824,0.28487203409015327,0.03980216812749593,0.5648584130200389,159.5335530466261,109.65260284555904,11.282984062843514,160.0,120.0,-0.46644695337388953,-10.347397154440955,0.6587112699153359,0.03383546926274511,-0.01460371333775737,0.520767129904165,TRACKING
30.837510585784912,1.211635123894485,0.15833817513475912,0.9602122488786728,1.6875,0.4375,1.0,0.4758648761055151,0.2791618248652409,0.03978775112132715,0.5531381110647695,159.87180948030698,109.88742808618565,11.454322331277972,160.0,120.0,-0.1281905196930211,-10.11257191381435,0.6388325090813918,0.033974325575551405,-0.011682970670205897,0.520523734681869,TRACKING
30.92261528968811,1.222119907906646,0.16421564365382113,0.960216717147169,1.6875,0.4375,1.0,0.46538009209335396,0.27328435634617887,0.03978328285283095,0.5411521774278584,159.7933141932054,109.946911492715,11.664852018687615,160.0,120.0,-0.20668580679461002,-10.053088507284997,0.6173485318937696,0.035795991966390224,-0.009346376536164717,0.5203290185040323,TRACKING
31.022093296051025,1.2327790814344723,0.1702513773156762,0.960214010340472,1.71875,0.4375,1.0,0.48597091856552765,0.2672486226843238,0.039785989659527954,0.5560328092759265,160.41757607006593,110.37607062578232,11.65486218044834,160.0,120.0,0.4175760700659339,-9.623929374217681,0.6233417252993533,0.03313852689326742,-0.0074771012289317745,0.5201732455617627,TRACKING
31.11881422996521,1.2435891970970776,0.17638848435875332,0.9602102931468713,1.75,0.4375,1.0,0.5064108029029224,0.2611115156412467,0.03978970685312866,0.5711517711333034,161.95614124241786,111.00314417946359,11.57352361461808,160.0,120.0,1.956141242417857,-8.99685582053641,0.6361829966361671,0.028445398909714176,-0.00598168098314542,0.520048627207947,TRACKING
31.210375785827637,1.2545702908299794,0.18258611888915852,0.9602055970318555,1.78125,0.4375,1.0,0.5266797091700206,0.25491388111084146,0.039794402968144515,0.5864777892998172,163.8089918075716,111.35204371665134,11.397603667754316,160.0,120.0,3.8089918075716014,-8.647956283348663,0.657599582065976,0.02717135704648429,-0.004785344786516337,0.5199489325248945,TRACKING
31.305614471435547,1.2657217257044628,0.18884742750930666,0.9601978079935751,1.8125,0.4375,1.0,0.5467782742955372,0.24865257249069334,0.039802192006424875,0.6019790673572973,165.47575312218717,111.66041105742494,11.182768088614889,160.0,120.0,5.475753122187172,-8.339588942575062,0.6803150577262888,0.026277477604093664,-0.0038282758292130696,0.5198691767784527,TRACKING
31.394912242889404,1.2769935676253583,0.19515723162960816,0.9601885581175519,1.8125,0.4375,1.0,0.5355064323746417,0.24234276837039184,0.03981144188244812,0.5891367476238447,166.39095187073025,112.26550795575882,11.15177030595478,160.0,120.0,6.390951870730248,-7.734492044241179,0.6794382216621269,0.022020624347268255,-0.003062620663370456,0.519805372181299,TRACKING
31.493494749069214,1.2883448329468241,0.20146410450343766,0.9601639154278955,1.8125,0.4375,1.0,0.5241551670531759,0.23603589549656234,0.039836084572104524,0.5762278167057215,167.34786871597464,113.04758017124323,11.20485673448462,160.0,120.0,7.347868715974641,-6.952419828756774,0.6695531224783818,-0.06024405376754661,-0.002450096530696365,0.5197543285035762,TRACKING
31.590139150619507,1.2997711189600571,0.20774748726195763,0.9601029850355567,1.8125,0.4375,1.0,0.5127288810399429,0.22975251273804237,0.03989701496444331,0.5632662730583016,168.25571366440695,113.50761358896924,11.31892681683761,160.0,120.0,8.255713664406954,-6.492386411030765,0.6544554656342491,-0.04819524301403729,-0.0019600772245570923,0.5197134935613978,TRACKING
31.683971166610718,1.311258735947745,0.21403768308569168,0.9599984733463143,1.8125,0.4375,1.0,0.501241264052255,0.22346231691430832,0.040001526653685726,0.5502529727353035,168.6912138818645,113.85494883282999,11.505981830434802,160.0,120.0,8.691213881864513,-6.14505116717001,0.6334191342693699,-0.03855619441122984,-0.001568061779645674,0.5196808256076553,TRACKING
31.781628131866455,1.3227632287690765,0.22035525204340492,0.9598527606229649,1.8125,0.4375,1.0,0.4897367712309235,0.21714474795659508,0.04014723937703513,0.5372203900546032,168.7973397129092,114.29930385376625,11.727978765954497,160.0,120.0,8.797339712909206,-5.700696146233753,0.6113741772113505,-0.03084495552898387,-0.0012544494237165392,0.5196546912446611,TRACKING
31.873679161071777,1.334260334440582,0.22667668760724025,0.959673007865583,1.8125,0.4375,1.0,0.4782396655594181,0.21082331239275975,0.04032699213441704,0.524200260451336,169.21827081339097,114.80704750494806,11.967488232248474,160.0,120.0,9.218270813390973,-5.192952495051941,0.5902263320757322,-0.0246759644231871,-0.0010035595389732315,0.5196337837542657,TRACKING
31.969274520874023,1.3457688065968534,0.23299468215166738,0.9594657397322007,1.8125,0.4375,1.0,0.4667311934031466,0.20450531784833262,0.04053426026779927,0.5111784993319171,169.71548595302053,114.87458087821624,12.275752650644126,160.0,120.0,9.715485953020533,-5.125419121783764,0.5639446860582126,-0.01974077153854968,-0.18005356346440743,0.5158826678487571,TRACKING
32.06690502166748,1.3572869865564223,0.23934535271065974,0.9592356382838193,1.8125,0.4375,1.0,0.4552130134435777,0.19815464728934026,0.0407643617161807,0.4981424344872391,169.8342545596489,114.78533700687571,12.599633357440165,160.0,120.0,9.834254559648912,-5.214662993124293,0.539015617272264,-0.01579261723083975,-0.1680939749581157,0.5123807100371298,TRACKING
32.17328596115112,1.3687650434371792,0.24574580844580843,0.9589851696254615,1.8125,0.4375,1.0,0.4437349565628208,0.19175419155419157,0.04101483037453846,0.4851315264596419,169.8225175389671,115.06470603872214,12.891119285409228,160.0,120.0,9.822517538967105,-4.935293961277864,0.5204269335687888,-0.012634093784671799,-0.1563857046941233,0.5091226745226689,TRACKING
32.26178312301636,1.3801684161644643,0.2521654766696043,0.9587251500424876,1.8125,0.4375,1.0,0.4323315838355357,0.18533452333039568,0.041274849957512405,0.4721896834523844,170.08236589251612,115.4950893206772,13.257339184075569,160.0,120.0,10.082365892516123,-4.504910679322805,0.4951603271862696,-0.01010727502773744,-0.152003430340954,0.5059559363905657,TRACKING
32.36331748962402,1.391506425553204,0.2585890167359143,0.958463770890204,1.8125,0.4375,1.0,0.4209935744467961,0.17891098326408572,0.04153622910979604,0.4593146938501679,170.33884743096556,115.53164196652124,13.630918598158642,160.0,120.0,10.338847430965558,-4.468358033478765,0.47156070896599894,-0.008085820022189952,-0.1490201519153166,0.5028513498923299,TRACKING
32.46276259422302,1.4027747736019627,0.2650373451952884,0.9582031360836614,1.8125,0.4375,1.0,0.4097252263980373,0.17246265480471162,0.041796863916338634,0.4465031985131271,170.2410043091315,115.62639613566068,13.977008261669939,160.0,120.0,10.241004309131512,-4.373603864339316,0.4531393126051261,-0.006468656017751962,-0.1406733226540876,0.4999206556703699,TRACKING
32.56684732437134,1.4139445281602647,0.27151366561965595,0.9579489445626259,1.8125,0.4375,1.0,0.3985554718397353,0.16598633438034405,0.042051055437374085,0.43378130272962956,169.9095924066484,115.7983333304646,14.338317460768444,160.0,120.0,9.909592406648386,-4.201666669535399,0.4342780237931982,-0.005174924814201569,-0.12946636821800234,0.49722343966582816,TRACKING
32.66596269607544,1.4250226058951245,0.2779854516676657,0.9577043611189843,1.8125,0.4375,1.0,0.38747739410487547,0.1595145483323343,0.04229563888101573,0.42115619803147486,169.9668431270656,115.7920871359934,14.741344185192848,160.0,120.0,9.966843127065601,-4.207912864006602,0.41199580901853117,-0.004139939851361255,-0.12692595328105835,0.4945791489724729,TRACKING
32.77606248855591,1.4360396784363392,0.28442659452027885,0.9574728530366291,1.8125,0.4375,1.0,0.3764603215636608,0.15307340547972115,0.0425271469633709,0.4086103270914946,170.17704269811998,115.61570006796114,15.240839689461044,160.0,120.0,10.177042698119976,-4.384299932038857,0.38056364054129055,-0.0033119518810890048,-0.12784434174669748,0.4919157251860833,TRACKING
32.88983106613159,1.4469811771618293,0.29084380846879443,0.9572565548332147,1.8125,0.4375,1.0,0.3655188228381707,0.14665619153120557,0.0427434451667853,0.3961553362863684,170.04968773912952,115.61008167686516,15.702176443901632,160.0,120.0,10.049687739129524,-4.389918323134836,0.35618758546034746,-0.0026495615048712042,-0.12282412047475412,0.48935688934285926,TRACKING
32.99777674674988,1.4578196050611443,0.2972495189448082,0.9570535180230262,1.8125,0.4375,1.0,0.3546803949388557,0.14025048105519178,0.042946481976973816,0.38381347071773536,169.78467587564904,115.6350979355434,16.18078240246428,160.0,120.0,9.784675875649043,-4.364902064456601,0.3315266870936624,-0.0021196492038969635,-0.11598162491162983,0.48694060549053386,TRACKING
33.10239100456238,1.4685780891335796,0.3036310609575086,0.9568651887322398,1.8125,0.4375,1.0,0.34392191086642043,0.13386893904249142,0.0431348112677602,0.371569354976265,169.88610133089063,115.33462228237079,16.720525701036596,160.0,120.0,9.886101330890625,-4.665377717629212,0.3016125720772951,-0.0016957193631175708,-0.11667212029872141,0.48450993631764394,TRACKING
33.194653272628784,1.4792724142521492,0.309965901304881,0.9566859439316582,1.8125,0.4375,1.0,0.33322758574785083,0.127534098695119,0.04331405606834182,0.35941852718858147,170.1009658650789,115.04250448354102,17.231257030838584,160.0,120.0,10.100965865078905,-4.957495516458977,0.27714661508271765,-0.0013565754904940567,-0.11954567488925481,0.4820194014241177,TRACKING
33.28960156440735,1.4898494093854489,0.31625346146419697,0.9565204375958437,1.8125,0.4375,1.0,0.32265059061455115,0.12124653853580303,0.04347956240415629,0.3474112823120308,170.09744696513332,115.27421833788564,17.85667035297355,160.0,120.0,10.097446965133315,-4.725781662114358,0.241177283435615,-0.0010852603923952454,-0.11829878940383522,0.47955484331153775,TRACKING
33.396202087402344,1.5002452097778143,0.32249982525803356,0.9563707540934827,1.8125,0.4375,1.0,0.3122547902221857,0.11500017474196644,0.04362924590651729,0.33560632488937897,170.17809348754173,115.67168445502607,18.51980503256391,160.0,120.0,10.17809348754173,-4.328315544973933,0.2038066770994749,-0.0008682083139161963,-0.11884621553305343,0.47707888048793246,TRACKING
33.49318313598633,1.5104586614550857,0.3286913344488223,0.9562367462418399,1.8125,0.4375,1.0,0.30204133854491433,0.10880866555117769,0.04376325375816015,0.32401160205852614,170.69701305572048,115.8490956587064,19.243061545550084,160.0,120.0,10.697013055720475,-4.150904341293597,0.16254662829977815,-0.0006945666511329571,-0.12755174880630946,0.4744215523878008,TRACKING
33.59160351753235,1.5205016997722272,0.33480245456234303,0.9561197452633199,1.8125,0.4375,1.0,0.29199830022777284,0.10269754543765697,0.04388025473668011,0.3126264063232409,171.4741018822144,115.83770243084471,19.952537562438366,160.0,120.0,11.474101882214399,-4.162297569155285,0.12601645313286203,-0.0005556533209063657,-0.1404469672692315,0.4714955739030251,TRACKING
33.68644738197327,1.5303317755090846,0.34081906271077056,0.9560192291170317,1.8125,0.4375,1.0,0.2821682244909154,0.09668093728922944,0.043980770882968256,0.3014969630940578,171.98059282866396,116.17686017196802,20.72258722076072,160.0,120.0,11.980592828663958,-3.8231398280319837,0.08505384776878194,-0.00044452265672509264,-0.147519061012362,0.4684222601319341,TRACKING
33.78414344787598,1.5399027629839985,0.34673336718922576,0.9559329259271115,1.8125,0.4375,1.0,0.27259723701600147,0.09076663281077424,0.04406707407288846,0.2906711927211044,172.3172887504968,116.58382164534855,21.55342211860433,160.0,120.0,12.3172887504968,-3.41617835465145,0.040097626090784655,-0.0003556181253800741,-0.15118362243219943,0.46527260133126314,TRACKING
33.882585763931274,1.5492311768561144,0.3525185289454491,0.9558596825661494,1.8125,0.4375,1.0,0.26326882314388556,0.0849814710545509,0.04414031743385061,0.28014405452431623,172.9409300706354,116.53752239955469,22.46184305995414,160.0,120.0,12.940930070635403,-3.462477600445311,-0.010357315200511419,-0.0002844945003040593,-0.1601669799909346,0.46193578924811884,TRACKING
33.97291946411133,1.5583397858906003,0.35814609059182967,0.9557977032302667,1.8125,0.4375,1.0,0.2541602141093997,0.07935390940817033,0.04420229676973331,0.2699042430459654,173.9495737536767,116.40303564735703,23.444437128527078,160.0,120.0,13.949573753676702,-3.5969643526429707,-0.06537277044654238,-0.00022759560024324745,-0.17586015260378932,0.45827203606887323,TRACKING
34.07275176048279,1.5671808575947261,0.3636104106884614,0.9557416256600347,1.8125,0.4375,1.0,0.24531914240527386,0.0738895893115386,0.04425837433996527,0.25999991680441625,174.50249286786837,116.63135946228599,24.531536072934692,160.0,120.0,14.50249286786837,-3.3686405377140147,-0.12794693824169479,-0.000182076480194598,-0.18227602068564028,0.45447461897125585,TRACKING
34.178062438964844,1.5756915627648407,0.36891168897200366,0.955684631907458,1.8125,0.4375,1.0,0.23680843723515932,0.06858831102799634,0.044315368092541996,0.25049240348683044,174.87438724033512,117.07339214963139,25.601054553974933,160.0,120.0,14.874387240335125,-2.9266078503686117,-0.18365046928419768,-0.0001456611841556784,-0.1853128766732277,0.4506139340405637,TRACKING
34.278409481048584,1.5838702391489086,0.37403020933281395,0.9556227479336011,1.8125,0.4375,1.0,0.22862976085109143,0.06346979066718605,0.044377252066398865,0.24139039412356156,175.80076976652057,117.11817647013638,26.6710812539985,160.0,120.0,15.800769766520574,-2.881823529863624,-0.23575674236781763,-0.00011652894732454274,-0.19880943023745776,0.4464720709106169,TRACKING
34.37964630126953,1.5917233002283524,0.3789413277091434,0.9555508108525619,1.8125,0.4375,1.0,0.2207766997716476,0.058558672290856595,0.04444918914743812,0.23269550850498358,176.93035905185164,117.17540708229762,27.8890718489125,160.0,120.0,16.93035905185164,-2.8245929177023754,-0.3014743111836288,-9.322315785963419e-05,-0.2154401984789956,0.4419837334423047,TRACKING
34.47132873535156,1.5991965083011448,0.38362826817685886,0.955458189016244,1.78125,0.4375,1.0,0.1820534916988552,0.053871731823141145,0.04454181098375598,0.19501182080859156,176.46117869620355,117.20911691367411,30.942107212047034,160.0,120.0,16.461178696203547,-2.7908830863258913,-0.5677323054877313,-7.457852628770736e-05,-0.20178908908815538,0.4377797940863015,TRACKING
34.56899428367615,1.606230155138145,0.38806506705859817,0.9553270726856526,1.75,0.4375,1.0,0.14376984486185496,0.04943493294140183,0.044672927314347355,0.15845898939901043,174.56717109027645,116.509406981437,36.491888768946296,160.0,120.0,14.567171090276446,-3.490593018563004,-0.7,-5.9662821030165884e-05,-0.16352448300762729,0.43437303402364247,TRACKING
34.670372009277344,1.612820539320171,0.3922152851480051,0.9551471606266975,1.71875,0.4375,1.0,0.10592946067982889,0.04528471485199492,0.04485283937330253,0.12362658791292908,171.10122727923633,113.84043536923286,47.3341480184186,160.0,120.0,11.101227279236326,-6.159564630767136,-0.7,-4.773025682413271e-05,-0.0996490580455336,0.432297011981027,TRACKING
34.778313398361206,1.6189632413227955,0.3960535083102303,0.9549239740997867,1.6875,0.4375,1.0,0.06853675867720455,0.041446491689769716,0.04507602590021331,0.09190727432757553,,,,160.0,120.0,,,0.0,0.0,-0.6,0.4197970119810268,SEARCHING
34.86506938934326,1.6245968642263633,0.39956808491837154,0.954667804599208,1.65625,0.4375,1.0,0.03165313577363671,0.037931915081628464,0.04533219540079203,0.06705042226503681,,,,160.0,120.0,,,0.0,0.0,-0.6,0.40729701198102664,SEARCHING
34.96691131591797,1.6296636994573288,0.4027411842615104,0.9543744333001308,1.625,0.4375,1.0,-0.004663699457328807,0.0347588157384896,0.04562556669986917,0.05754665673047194,,,,160.0,120.0,,,0.0,0.0,-0.6,0.39479701198102646,SEARCHING
35.056469678878784,1.6341616338040341,0.4055504685202748,0.9540546960120252,1.59375,0.4375,1.0,-0.04041163380403412,0.03194953147972518,0.045945303987974806,0.06902784704039897,,,,160.0,120.0,,,0.0,0.0,-0.6,0.3822970119810263,SEARCHING
35.15387225151062,1.6381228596988853,0.4080077149662085,0.9537213915041307,1.5625,0.4375,1.0,-0.07562285969888527,0.029492285033791477,0.04627860849586929,0.0934361888663361,,,,160.0,120.0,,,0.0,0.0,-0.6,0.3697970119810261,SEARCHING
35.24945330619812,1.6415683528573228,0.4101428228267951,0.9533816436244709,1.53125,0.4375,1.0,-0.11031835285732283,0.027357177173204905,0.046618356375529135,0.12284879027159669,,,,160.0,120.0,,,0.0,0.0,-0.6,0.3572970119810259,SEARCHING
35.34118938446045,1.6444940389870046,0.41195181975815826,0.9530389770665438,1.5,0.4375,1.0,-0.14449403898700464,0.025548180241841745,0.046961022933456165,0.1540667858151271,,,,160.0,120.0,,,0.0,0.0,-0.6,0.34479701198102575,SEARCHING
35.43780183792114,1.646905670866779,0.4134364837595467,0.9526922142198135,1.46875,0.4375,1.0,-0.17815567086677908,0.024063516240453275,0.04730778578018646,0.18589384731956754,,,,160.0,120.0,,,0.0,0.0,-0.6,0.33229701198102557,SEARCHING
35.523494482040405,1.6488509422312267,0.4146346686242998,0.9523513794175302,1.46875,0.4375,1.0,-0.18010094223122675,0.022865331375700182,0.04764862058246977,0.1876954016882364,,,,160.0,120.0,,,0.0,0.0,-0.6,0.3197970119810254,SEARCHING
35.627925872802734,1.6503984010616108,0.4155591144265496,0.9520260577939397,1.4375,0.4375,1.0,-0.21289840106161084,0.02194088557345042,0.04797394220606033,0.21933679756285349,,,,160.0,120.0,,,0.0,0.0,-0.6,0.3072970119810252,SEARCHING
35.71651864051819,1.651576468833081,0.4162004197124367,0.9517139554414513,1.4375,0.4375,1.0,-0.21407646883308096,0.02129958028756329,0.04828604455854868,0.2204857109374156,,,,160.0,120.0,,,0.0,0.0,-0.6,0.29479701198102504,SEARCHING
35.81001901626587,1.6523923295177116,0.4165930265229678,0.9514141111983706,1.4375,0.4375,1.0,-0.21489232951771164,0.020906973477032187,0.048585888801629395,0.2213061305435581,,,,160.0,120.0,,,0.0,0.0,-0.6,0.28229701198102486,SEARCHING
35.915873527526855,1.6528993980519415,0.41679621681507706,0.951134458120299,1.4375,0.4375,1.0,-0.21539939805194153,0.02070378318492294,0.04886554187970105,0.2218409080906943,,,,160.0,120.0,,,0.0,0.0,-0.6,0.2697970119810247,SEARCHING
36.01076936721802,1.6531786795632402,0.4168252169716225,0.9508806856715406,1.4375,0.4375,1.0,-0.21567867956324016,0.020674783028377497,0.049119314328459396,0.2221653584866716,,,,160.0,120.0,,,0.0,0.0,-0.6,0.2572970119810245,SEARCHING
36.11274003982544,1.653270985870432,0.41667198741189315,0.9506449648672393,1.4375,0.4375,1.0,-0.21577098587043197,0.020828012588106848,0.04935503513276074,0.22232148781623548,,,,160.0,120.0,,,0.0,0.0,-0.6,0.24479701198102433,SEARCHING
36.2059600353241,1.6531966266960862,0.41637174670240223,0.9504276219124571,1.4375,0.4375,1.0,-0.21569662669608625,0.021128253297597765,0.04957237808754289,0.22232601855098413,,,,160.0,120.0,,,0.0,0.0,-0.6,0.23229701198102415,SEARCHING
36.30718922615051,1.6530119266850305,0.41597885858959954,0.950236504615867,1.4375,0.4375,1.0,-0.2155119266850305,0.021521141410400457,0.04976349538413305,0.22222726102786544,,,,160.0,120.0,,,0.0,0.0,-0.6,0.21979701198102397,SEARCHING
36.40681529045105,1.652784659033372,0.415498965550379,0.9500711195894664,1.4375,0.4375,1.0,-0.2152846590333719,0.022001034449620982,0.04992888041053356,0.2220910242018303,,,,160.0,120.0,,,0.0,0.0,-0.6,0.2072970119810238,SEARCHING
36.505152463912964,1.6525391937898646,0.41491606727340974,0.9499252755967401,1.4375,0.4375,1.0,-0.21503919378986458,0.02258393272659026,0.050074724403259885,0.22194451312716998,,,,160.0,120.0,,,0.0,0.0,-0.6,0.19479701198102362,SEARCHING
36.60009026527405,1.6522824864028693,0.4142592913352122,0.9497941201767203,1.4375,0.4375,1.0,-0.21478248640286934,0.02324070866478778,0.05020587982327973,0.22179332130041676,,,,160.0,120.0,,,0.0,0.0,-0.6,0.18229701198102344,SEARCHING
36.69370675086975,1.65205732236425,0.41357569425493457,0.9496755890722861,1.4375,0.46875,1.0,-0.21455732236425007,0.05517430574506543,0.05032441092771389,0.22718185431452947,,,,160.0,120.0,,,0.0,0.0,-0.6,0.16979701198102326,SEARCHING
36.782164335250854,1.6519109613931575,0.4128690884539083,0.9495703387743666,1.4375,0.5,1.0,-0.21441096139315752,0.0871309115460917,0.050429661225633415,0.23686917664340182,,,,160.0,120.0,,,0.0,0.0,-0.6,0.15729701198102308,SEARCHING
36.873860597610474,1.651843981280693,0.41213235373069046,0.9494769764992751,1.4375,0.53125,1.0,-0.2143439812806931,0.11911764626930954,0.050523023500724906,0.2503695905409706,,,,160.0,120.0,,,0.0,0.0,-0.6,0.1447970119810229,SEARCHING
36.9807448387146,1.6518424889092684,0.41140561559790334,0.9493926030855057,1.4375,0.5625,1.0,-0.21434248890926844,0.15109438440209666,0.05060739691449434,0.2670829911696542,,,,160.0,120.0,,,0.0,0.0,-0.6,0.13229701198102273,SEARCHING
37.09297966957092,1.6519340077611002,0.4107452278547902,0.949309282580252,1.4375,0.59375,1.0,-0.21443400776110022,0.18300477214520983,0.050690717419747955,0.28643016451647774,,,,160.0,120.0,,,0.0,0.0,0.25,0.1375053453143562,SEARCHING
37.19793248176575,1.652155496721418,0.4101587356165895,0.9492303913476107,1.4375,0.625,1.0,-0.21465549672141804,0.2148412643834105,0.05076960865238933,0.3079144431774807,,,,160.0,120.0,,,0.0,0.0,0.25,0.1427136786476897,SEARCHING
37.30071449279785,1.6524987233245707,0.4096369143027215,0.9491601447893908,1.4375,0.65625,1.0,-0.2149987233245707,0.24661308569727852,0.050839855210609186,0.331099918372331,,,,160.0,120.0,,,0.0,0.0,0.25,0.14792201198102317,SEARCHING
37.395501375198364,1.6529415827092795,0.4092171781274226,0.949094120570104,1.4375,0.65625,1.0,-0.2154415827092795,0.2470328218725774,0.050905879429895995,0.33171026393999176,,,,160.0,120.0,,,0.0,0.0,0.25,0.15313034531435665,SEARCHING
37.490217208862305,1.6534871672359295,0.40895029790738213,0.9490244896182459,1.4375,0.65625,1.0,-0.21598716723592948,0.24729970209261787,0.050975510381754074,0.3322741364060393,,,,160.0,120.0,,,0.0,0.0,0.25,0.15833867864769013,SEARCHING
37.59157657623291,1.6541279666092674,0.4088364520465768,0.9489525744925332,1.4375,0.65625,1.0,-0.21662796660926742,0.24741354795342319,0.05104742550746677,0.3327866873525849,,,,160.0,120.0,,,0.0,0.0,0.25,0.16354701198102362,SEARCHING
37.686824798583984,1.6548381811025663,0.40885234983119106,0.9488869307360609,1.4375,0.6875,1.0,-0.2173381811025663,0.27864765016880894,0.051113069263939104,0.3570615405769026,,,,160.0,120.0,,,0.0,0.0,0.25,0.1687553453143571,SEARCHING
37.796414852142334,1.655613728253325,0.40901113137752587,0.9488279264213026,1.4375,0.71875,1.0,-0.21811372825332498,0.30973886862247413,0.05117207357869735,0.38226999137054846,,,,160.0,120.0,,,0.0,0.0,0.25,0.17396367864769058,SEARCHING
37.89394760131836,1.6564572824684074,0.4093361504172326,0.9487717589371459,1.4375,0.75,1.0,-0.2189572824684074,0.3406638495827674,0.05122824106285406,0.40818927305956265,,,,160.0,120.0,,,0.0,0.0,0.25,0.17917201198102406,SEARCHING
37.99829053878784,1.6573343353864916,0.40979875827957374,0.9487198929440809,1.4375,0.75,1.0,-0.21983433538649155,0.34020124172042626,0.05128010705591912,0.40828136041534746,,,,160.0,120.0,,,0.0,0.0,0.25,0.18438034531435754,SEARCHING
38.10467195510864,1.6582067081718328,0.4103646717876888,0.9486720655481828,1.4375,0.75,1.0,-0.2207067081718328,0.3396353282123112,0.05132793445181716,0.4082868649087562,,,,160.0,120.0,,,0.0,0.0,0.25,0.18958867864769102,SEARCHING
38.21828317642212,1.6590804374275527,0.4110453668734256,0.9486274415135287,1.4375,0.75,1.0,-0.22158043742755273,0.3389546331265744,0.051372558486471265,0.4082000408304759,,,,160.0,120.0,,,0.0,0.0,0.25,0.1947970119810245,SEARCHING
38.32954740524292,1.6599727270034352,0.4118473679827597,0.9485854883753064,1.40625,0.75,1.0,-0.25372272700343523,0.3381526320172403,0.05141451162469357,0.4258707277377169,,,,160.0,120.0,,,0.0,0.0,0.25,0.20000534531435799,SEARCHING
38.43664598464966,1.6608647513822068,0.41272263776361773,0.9485482230122638,1.375,0.75,1.0,-0.2858647513822068,0.33727736223638227,0.051451776987736175,0.44510893106647326,,,,160.0,120.0,,,0.0,0.0,0.25,0.20521367864769147,SEARCHING
38.55162763595581,1.6617335764212646,0.41361816862448475,0.9485164347388776,1.375,0.75,1.0,-0.2867335764212646,0.33638183137551525,0.05148356526112241,0.44499375031439603,,,,160.0,120.0,,,0.0,0.0,0.25,0.21042201198102495,SEARCHING
38.65106463432312,1.662592635294895,0.41454074098928323,0.9484888957969158,1.375,0.75,1.0,-0.287592635294895,0.33545925901071677,0.051511104203084246,0.4448548439526119,,,,160.0,120.0,,,0.0,0.0,0.25,0.21563034531435843,SEARCHING
38.74780583381653,1.6634576419187868,0.4155089439639537,0.9484639524230261,1.34375,0.75,1.0,-0.31970764191878676,0.3344910560360463,0.05153604757697394,0.4655676181493261,,,,160.0,120.0,,,0.0,0.0,0.25,0.2208386786476919,SEARCHING
38.83798909187317,1.664308366167888,0.4164878610539992,0.9484424031297607,1.3125,0.75,1.0,-0.3518083661678879,0.3335121389460008,0.05155759687023931,0.48750144525435957,,,,160.0,120.0,,,0.0,0.0,0.25,0.2260470119810254,SEARCHING
38.933247089385986,1.6651205885921019,0.4174374753166074,0.9484239324633067,1.28125,0.75,1.0,-0.3838705885921019,0.3325625246833926,0.051576067536693304,0.5105042138439098,,,,160.0,120.0,,,0.0,0.0,0.25,0.23125534531435887,SEARCHING
39.02473020553589,1.6659031290434356,0.4183777023087176,0.9484079227217583,1.28125,0.75,1.0,-0.3846531290434356,0.3316222976912824,0.051592077278241666,0.5104832224929978,,,,160.0,120.0,,,0.0,0.0,0.25,0.23646367864769235,SEARCHING
39.127032995224,1.666664175758407,0.41933948131782833,0.9483933855207571,1.28125,0.75,1.0,-0.3854141757584071,0.33066051868217167,0.05160661447924286,0.5104348226254791,,,,160.0,120.0,,,0.0,0.0,0.25,0.24167201198102584,SEARCHING
39.23902130126953,1.6673769325778343,0.42029915561108644,0.948380438922449,1.28125,0.75,1.0,-0.38612693257783426,0.32970084438891356,0.051619561077550946,0.510354028041877,,,,160.0,120.0,,,0.0,0.0,0.25,0.24688034531435932,SEARCHING
39.34437274932861,1.6680118836788163,0.42122492251372606,0.9483633349357881,1.28125,0.75,1.0,-0.38676188367881625,0.32877507748627394,0.05163666506421194,0.5102393079936562,,,,160.0,120.0,,,0.0,0.0,0.25,0.2520886786476928,SEARCHING
39.45218777656555,1.6685818209480001,0.42212571862564213,0.9483464732151092,1.28125,0.75,1.0,-0.3873318209480001,0.32787428137435787,0.05165352678489077,0.5100936881936128,,,,160.0,120.0,,,0.0,0.0,0.25,0.2572970119810263,SEARCHING
39.545520544052124,1.6691118873470048,0.4230008488511365,0.9483320969706668,1.28125,0.75,1.0,-0.3878618873470048,0.3269991511488635,0.05166790302933322,0.5099361339539555,,,,160.0,120.0,,,0.0,0.0,0.25,0.26250534531435976,SEARCHING
39.64020276069641,1.6695882267380728,0.4238131091267156,0.9483206914344561,1.28125,0.78125,1.0,-0.38833822673807283,0.3574368908732844,0.051679308565543924,0.5303192059854552,,,,160.0,120.0,,,0.0,0.0,0.25,0.26771367864769324,SEARCHING
39.730207204818726,1.6699856406247582,0.4245442553913286,0.9483115878229733,1.28125,0.8125,1.0,-0.3887356406247582,0.3879557446086714,0.05168841217702669,0.551630990808341,,,,160.0,120.0,,,0.0,0.0,0.25,0.2729220119810267,SEARCHING
39.8232741355896,1.670322939495561,0.4252044820791439,0.9483045184758557,1.28125,0.84375,1.0,-0.389072939495561,0.4185455179208561,0.05169548152414427,0.573786132308343,,,,160.0,120.0,,,0.0,0.0,0.25,0.2781303453143602,SEARCHING
39.9268114566803,1.6706354659111118,0.4257733942736063,0.9482975398387977,1.28125,0.875,1.0,-0.3893854659111118,0.4492266057263937,0.05170246016120228,0.5967400847454368,,,,160.0,120.0,,,0.0,0.0,0.25,0.2833386786476937,SEARCHING
40.01987051963806,1.6709127213464283,0.42621521116875716,0.9482904633598729,1.28125,0.90625,1.0,-0.3896627213464283,0.48003478883124284,0.05170953664012712,0.6204388052619668,,,,160.0,120.0,,,0.0,0.0,0.25,0.28854701198102717,SEARCHING
40.10941457748413,1.6711230835177853,0.4265424539885518,0.9482845093632756,1.28125,0.9375,1.0,-0.38987308351778527,0.5109575460114482,0.051715490636724426,0.644789211331505,,,,160.0,120.0,,,0.0,0.0,0.25,0.29375534531436065,SEARCHING
40.20014142990112,1.6712790781710771,0.4267911748955587,0.9482797588202166,1.28125,0.9375,1.0,-0.3900290781710771,0.5107088251044414,0.051720241179783355,0.6446868768683244,,,,160.0,120.0,,,0.0,0.0,0.25,0.29896367864769413,SEARCHING
40.30370736122131,1.6714120638422025,0.4269560889067768,0.9482754459097136,1.28125,0.9375,1.0,-0.39016206384220253,0.5105439110932233,0.05172455409028642,0.6446370689867369,,,,160.0,120.0,,,0.0,0.0,0.25,0.3041720119810276,SEARCHING
40.398536682128906,1.671507866151289,0.42701473324462297,0.9482706917061747,1.28125,0.9375,1.0,-0.390257866151289,0.510485266755377,0.05172930829382527,0.644648998295835,,,,160.0,120.0,,,0.0,0.0,0.25,0.3093803453143611,SEARCHING
40.49437093734741,1.6715302698715575,0.4269926890913205,0.9482657482694147,1.28125,0.9375,1.0,-0.3902802698715575,0.5105073109086795,0.05173425173058532,0.644680414115669,,,,160.0,120.0,,,0.0,0.0,0.25,0.3145886786476946,SEARCHING
40.593841552734375,1.6714866331155467,0.4269397121294574,0.948261243224039,1.28125,0.9375,1.0,-0.3902366331155467,0.5105602878705426,0.05173875677596096,0.6446963132580573,,,,160.0,120.0,,,0.0,0.0,0.25,0.31979701198102806,SEARCHING
40.69645047187805,1.6714037632506251,0.4268640753548364,0.9482544027868286,1.28125,0.9375,1.0,-0.3901537632506251,0.5106359246451636,0.0517455972131714,0.6447066102870311,,,,160.0,120.0,,,0.0,0.0,0.25,0.32500534531436154,SEARCHING
40.79035425186157,1.671265831125118,0.4267488361313106,0.948245239899751,1.28125,0.9375,1.0,-0.39001583112511806,0.5107511638686895,0.05175476010024904,0.6447151736344289,,,,160.0,120.0,,,0.0,0.0,0.25,0.330213678647695,SEARCHING
40.88448166847229,1.6710397937646377,0.4266056778315189,0.948236516931691,1.28125,0.9375,1.0,-0.38978979376463774,0.5108943221684811,0.051763483068309024,0.6446926011103536,,,,160.0,120.0,,,0.0,0.0,0.25,0.3354220119810285,SEARCHING
40.97638750076294,1.670739516057546,0.42645704674852625,0.9482293420709857,1.28125,0.9375,1.0,-0.389489516057546,0.5110429532514738,0.05177065792901425,0.64462949374748,,,,160.0,120.0,,,0.0,0.0,0.25,0.340630345314362,SEARCHING
41.07230520248413,1.6703999588617133,0.4262834822685747,0.9482237171171018,1.28125,0.9375,1.0,-0.38914995886171333,0.5112165177314253,0.05177628288289815,0.6445624887880831,,,,160.0,120.0,,,0.0,0.0,0.25,0.34583867864769546,SEARCHING
41.164836406707764,1.6700114112013893,0.4260466163060888,0.9482184980226434,1.3125,0.9375,1.0,-0.3575114112013893,0.5114533836939112,0.05178150197735665,0.6261631550787631,,,,160.0,120.0,,,0.0,0.0,0.25,0.35104701198102894,SEARCHING
41.264384269714355,1.6695400411350945,0.4257551564718945,0.9482126554793372,1.34375,0.9375,1.0,-0.32579004113509447,0.5117448435281056,0.051787344520662804,0.608854551459471,,,,160.0,120.0,,,0.0,0.0,0.25,0.3562553453143624,SEARCHING
41.352139949798584,1.6689945471898018,0.4254438972624723,0.9482068616666901,1.34375,0.9375,1.0,-0.3252445471898018,0.5120561027375277,0.051793138333309896,0.608825095578244,,,,160.0,120.0,,,0.0,0.0,0.25,0.3614636786476959,SEARCHING
41.44606828689575,1.6684051817788457,0.4251076253145643,0.948201342997195,1.34375,0.9375,1.0,-0.32465518177884567,0.5123923746854357,0.05179865700280495,0.6087939171500727,,,,160.0,120.0,,,0.0,0.0,0.25,0.3666720119810294,SEARCHING
41.54691696166992,1.6677606922629369,0.4247218793728813,0.9481955260211163,1.34375,0.9375,1.0,-0.3240106922629369,0.5127781206271187,0.05180447397888366,0.6087758480909179,,,,160.0,120.0,,,0.0,0.0,0.25,0.37188034531436287,SEARCHING
41.63681125640869,1.6670281324253127,0.4243096489435973,0.9481887525693944,1.34375,0.9375,1.0,-0.32327813242531267,0.5131903510564026,0.05181124743060561,0.6087343367037112,,,,160.0,120.0,,,0.0,0.0,0.25,0.37708867864769635,SEARCHING
41.73071551322937,1.666216649812009,0.4239211280371435,0.9481816436995256,1.34375,0.9375,1.0,-0.322466649812009,0.5135788719628565,0.05181835630047438,0.6086321877926798,,,,160.0,120.0,,,0.0,0.0,0.25,0.38229701198102983,SEARCHING
41.83004856109619,1.6653577971232665,0.4235661494340928,0.9481734668859944,1.34375,0.9375,1.0,-0.3216077971232665,0.5139338505659072,0.051826533114005646,0.6084780747591465,,,,160.0,120.0,,,0.0,0.0,0.25,0.3875053453143633,SEARCHING
41.92357563972473,1.664445914188607,0.42321956980963027,0.9481654096119133,1.34375,0.9375,1.0,-0.320695914188607,0.5142804301903697,0.05183459038808669,0.6082902720040482,,,,160.0,120.0,,,0.0,0.0,0.25,0.3927136786476968,SEARCHING
42.023067235946655,1.6634574592242828,0.42288468250977296,0.9481576614324492,1.34375,0.9375,1.0,-0.3197074592242828,0.514615317490227,0.05184233856755083,0.6080537908338096,,,,160.0,120.0,,,0.0,0.0,0.25,0.3979220119810303,SEARCHING
42.13266158103943,1.662411080077867,0.4225911771974509,0.9481504312386433,1.34375,0.9375,1.0,-0.3186610800778671,0.5149088228025491,0.05184956876135671,0.6077535335454978,,,,160.0,120.0,,,0.0,0.0,0.25,0.40313034531436376,SEARCHING
42.23422694206238,1.6613488337553595,0.42233007178826376,0.9481454109308534,1.34375,0.9375,1.0,-0.31759883375535947,0.5151699282117362,0.05185458906914664,0.6074191078192881,,,,160.0,120.0,,,0.0,0.0,0.25,0.40833867864769724,SEARCHING
42.327813386917114,1.660269543588479,0.42207026382942053,0.9481422887768756,1.34375,0.9375,1.0,-0.3165195435884789,0.5154297361705795,0.051857711223124436,0.6070763186088164,,,,160.0,120.0,,,0.0,0.0,0.25,0.4135470119810307,SEARCHING
42.42948079109192,1.6591445351555787,0.42182577424715856,0.9481391046100526,1.34375,0.9375,1.0,-0.3153945351555787,0.5156742257528415,0.051860895389947426,0.6066985844572601,,,,160.0,120.0,,,0.0,0.0,0.25,0.4187553453143642,SEARCHING
42.52622199058533,1.6579855133072332,0.4216398462516409,0.9481354543407116,1.34375,0.9375,1.0,-0.3142355133072332,0.5158601537483591,0.05186454565928844,0.6062553811267868,,,,160.0,120.0,,,0.0,0.0,0.25,0.4239636786476977,SEARCHING
42.624035596847534,1.6568287524931589,0.4215166377473169,0.948130601445777,1.34375,0.9375,1.0,-0.31307875249315886,0.515983362252683,0.05186939855422301,0.605761974615965,,,,160.0,120.0,,,0.0,0.0,0.25,0.42917201198103117,SEARCHING
42.71239519119263,1.655676037844655,0.42142286947528096,0.9481267711963741,1.34375,0.9375,1.0,-0.3119260378446549,0.516077130524719,0.05187322880362588,0.6052472962373365,,,,160.0,120.0,,,0.0,0.0,0.25,0.43438034531436465,SEARCHING
42.8074893951416,1.654510886360593,0.42135182006013994,0.9481217249185824,1.375,0.9375,1.0,-0.27951088636059307,0.5161481799398601,0.051878275081417624,0.5892593950670093,,,,160.0,120.0,,,0.0,0.0,0.25,0.43958867864769813,SEARCHING
42.903090953826904,1.6533581600129161,0.42132515035413814,0.9481172663269788,1.40625,0.9375,1.0,-0.24710816001291613,0.5161748496458618,0.05188273367302121,0.5746222552297141,,,,160.0,120.0,,,0.0,0.0,0.25,0.4447970119810316,SEARCHING
43.00000834465027,1.6522686545674568,0.4213269855742433,0.9481167379183685,1.4375,0.9375,1.0,-0.21476865456745675,0.5161730144257567,0.05188326208163152,0.5614730881265096,,,,160.0,120.0,,,0.0,0.0,0.25,0.4500053453143651,SEARCHING
43.09701657295227,1.6512509953125623,0.42131724217291766,0.9481195167875843,1.46875,0.9375,1.0,-0.18250099531256225,0.5161827578270823,0.05188048321241567,0.5499480314597025,,,,160.0,120.0,,,0.0,0.0,0.25,0.45521367864769857,SEARCHING
43.18985891342163,1.6502841600130038,0.42129969737373474,0.94812409238294,1.46875,0.9375,1.0,-0.18153416001300382,0.5162003026262653,0.05187590761705996,0.5496439879359807,,,,160.0,120.0,,,0.0,0.0,0.25,0.46042201198103205,SEARCHING
43.284414768218994,1.6493863965443463,0.42130914779205847,0.9481292850439881,1.46875,0.9375,1.0,-0.18063639654434627,0.5161908522079415,0.05187071495601192,0.5493387613574479,,,,160.0,120.0,,,0.0,0.0,0.25,0.46563034531436553,SEARCHING
43.376457929611206,1.6486018026359266,0.4213432572282254,0.9481345319318402,1.46875,0.9375,1.0,-0.1798518026359266,0.5161567427717746,0.05186546806815984,0.549048705305904,,,,160.0,120.0,,,0.0,0.0,0.25,0.470838678647699,SEARCHING
43.480231523513794,1.6479327169215021,0.4213746403817111,0.9481391648056355,1.46875,0.9375,1.0,-0.17918271692150212,0.5161253596182889,0.05186083519436446,0.5487999445258137,,,,160.0,120.0,,,0.0,0.0,0.25,0.4760470119810325,SEARCHING
43.58647036552429,1.6473528751463793,0.4214155833405182,0.9481434752905439,1.5,0.9375,1.0,-0.1473528751463793,0.5160844166594818,0.05185652470945612,0.5392078394159385,,,,160.0,120.0,,,0.0,0.0,0.25,0.481255345314366,SEARCHING
43.681031942367554,1.6468766802313515,0.4215052569076023,0.9481465598082133,1.53125,0.9375,1.0,-0.11562668023135148,0.5159947430923977,0.051853440191786726,0.5313274727887086,,,,160.0,120.0,,,0.0,0.0,0.25,0.48646367864769946,SEARCHING
43.77514052391052,1.6465450697026371,0.4216455324089438,0.9481470785377588,1.53125,0.9375,1.0,-0.11529506970263714,0.5158544675910561,0.051852921462241186,0.5311191112128779,,,,160.0,120.0,,,0.0,0.0,0.25,0.49167201198103294,SEARCHING
43.87417411804199,1.646357818789674,0.4218120913286548,0.9481440746317729,1.53125,0.9375,1.0,-0.11510781878967391,0.5156879086713452,0.05185592536822714,0.5309170049001418,,,,160.0,120.0,,,0.0,0.0,0.25,0.4968803453143664,SEARCHING
43.96653461456299,1.6462878994400365,0.4220108616500528,0.9481376337803701,1.53125,0.9375,1.0,-0.1150378994400365,0.5154891383499471,0.05186236621962992,0.5307094073918851,,,,160.0,120.0,,,0.0,0.0,0.25,0.5020886786476999,SEARCHING
44.06507658958435,1.6463363689759904,0.4222549885714523,0.9481301609601682,1.53125,0.96875,1.0,-0.11508636897599045,0.5464950114285476,0.05186983903983178,0.5608851487090599,,,,160.0,120.0,,,0.0,0.0,0.25,0.5072970119810334,SEARCHING
44.154154777526855,1.646512775485179,0.42250753177254,0.9481188151561085,1.53125,1.0,1.0,-0.11526277548517894,0.57749246822746,0.05188118484389148,0.5911638652800056,,,,160.0,120.0,,,0.0,0.0,0.25,0.5125053453143669,SEARCHING
44.25473928451538,1.6468048444981398,0.422713432356187,0.9481074431095573,1.53125,1.03125,1.0,-0.1155548444981398,0.608536567643813,0.0518925568904427,0.6215806574430467,,,,160.0,120.0,,,0.0,0.0,0.25,0.5177136786477003,SEARCHING
44.34729814529419,1.647193117422992,0.4228709363003645,0.9480983756131268,1.53125,1.03125,1.0,-0.1159431174229919,0.6083790636996356,0.05190162438687318,0.6214995335797148,,,,160.0,120.0,,,0.0,0.0,0.25,0.5229220119810338,SEARCHING
44.43898797035217,1.6476666676493326,0.42299358497683653,0.9480887847391107,1.53125,1.03125,1.0,-0.11641666764933256,0.6082564150231635,0.051911215260889265,0.6214688095095912,,,,160.0,120.0,,,0.0,0.0,0.25,0.5281303453143673,SEARCHING
44.53654646873474,1.6482053016052096,0.4230474108712285,0.9480810157239701,1.5,1.03125,1.0,-0.14820530160520962,0.6082025891287715,0.05191898427602992,0.6281486940009403,,,,160.0,120.0,,,0.0,0.0,0.25,0.5333386786477008,SEARCHING
44.62994623184204,1.64878674503443,0.42300474081295714,0.9480762819053199,1.46875,1.03125,1.0,-0.18003674503443,0.6082452591870429,0.051923718094680105,0.6364523528017483,,,,160.0,120.0,,,0.0,0.0,0.25,0.5385470119810343,SEARCHING
44.73049855232239,1.6494071993964778,0.4229056545356608,0.9480740898557698,1.4375,1.03125,1.0,-0.21190719939647784,0.6083443454643391,0.0519259101442302,0.6462846152886517,,,,160.0,120.0,,,0.0,0.0,0.25,0.5437553453143678,SEARCHING
44.82059645652771,1.6500654107938717,0.4228011187374786,0.9480738262614508,1.40625,1.03125,1.0,-0.2438154107938717,0.6084488812625214,0.05192617373854924,0.6575350356972047,,,,160.0,120.0,,,0.0,0.0,0.25,0.5489636786477012,SEARCHING
44.91647982597351,1.6507416545549116,0.42267501796152446,0.9480751650233531,1.375,1.03125,1.0,-0.2757416545549116,0.6085749820384756,0.051924834976646905,0.6701441317411972,,,,160.0,120.0,,,0.0,0.0,0.25,0.5541720119810347,SEARCHING
45.016987800598145,1.6514135090667459,0.42250071435150555,0.9480778344673038,1.34375,1.03125,1.0,-0.3076635090667459,0.6087492856484944,0.05192216553269624,0.6840529503352942,,,,160.0,120.0,,,0.0,0.0,0.25,0.5593803453143682,SEARCHING
45.11547112464905,1.6520751540797647,0.4223180211791547,0.9480758426831302,1.3125,1.03125,1.0,-0.3395751540797647,0.6089319788208454,0.051924157316869834,0.6991463067284511,,,,160.0,120.0,,,0.0,0.0,0.25,0.5645886786477017,SEARCHING
45.21995687484741,1.6527231863271457,0.42217848672527336,0.9480724805030365,1.28125,1.03125,1.0,-0.37147318632714565,0.6090715132747266,0.0519275194969635,0.715301966811161,,,,160.0,120.0,,,0.0,0.0,0.25,0.5697970119810352,SEARCHING
45.31105828285217,1.6533378816324467,0.42206716062801236,0.9480724547276673,1.25,1.03125,1.0,-0.40333788163244666,0.6091828393719876,0.051927545272332676,0.7324490757063432,,,,160.0,120.0,,,0.0,0.0,0.25,0.5750053453143686,SEARCHING
45.40404963493347,1.6538975054887495,0.4219578792966618,0.9480730094805423,1.21875,1.03125,1.0,-0.4351475054887495,0.6092921207033382,0.051926990519457705,0.7505242515926186,,,,160.0,120.0,,,0.0,0.0,0.25,0.5802136786477021,SEARCHING
45.49981713294983,1.654403245073408,0.4218773875258757,0.9480742354001301,1.1875,1.03125,1.0,-0.4669032450734081,0.6093726124741243,0.05192576459986986,0.7694347965376269,,,,160.0,120.0,,,0.0,0.0,0.25,0.5854220119810356,SEARCHING
45.594366788864136,1.6548679734856786,0.4218464967268415,0.9480754283916569,1.1875,1.03125,1.0,-0.4673679734856786,0.6094035032731585,0.05192457160834307,0.7697412640481335,,,,160.0,120.0,,,0.0,0.0,0.25,0.5906303453143691,SEARCHING
45.691919803619385,1.6552859737956982,0.4218229726910419,0.9480750112785316,1.1875,1.03125,1.0,-0.4677859737956982,0.6094270273089581,0.051924988721468446,0.7700137812717043,,,,160.0,120.0,,,0.0,0.0,0.25,0.5958386786477026,SEARCHING
45.79043745994568,1.655643712764779,0.4217621442254147,0.9480755077610749,1.1875,1.03125,1.0,-0.46814371276477895,0.6094878557745853,0.051924492238925146,0.770279257822878,,,,160.0,120.0,,,0.0,0.0,0.25,0.601047011981036,SEARCHING
45.884448766708374,1.6559415553818397,0.421687513736879,0.9480781860385658,1.1875,1.03125,1.0,-0.46844155538183974,0.609562486263121,0.05192181396143425,0.7705191692832052,,,,160.0,120.0,,,0.0,0.0,0.25,0.6062553453143695,SEARCHING
45.98564004898071,1.6561820204066846,0.4216337960476735,0.9480818468681,1.1875,1.03125,1.0,-0.4686820204066846,0.6096162039523265,0.05191815313189996,0.7707076274427054,,,,160.0,120.0,,,0.0,0.0,0.25,0.611463678647703,SEARCHING
46.086896896362305,1.6563534151524701,0.4215679183813436,0.9480859248145087,1.1875,1.03125,1.0,-0.46885341515247014,0.6096820816186563,0.05191407518549129,0.7708636953115364,,,,160.0,120.0,,,0.0,0.0,0.25,0.6166720119810365,SEARCHING
46.18642711639404,1.6564420482757471,0.42144629223757685,0.9480896392019408,1.1875,1.03125,1.0,-0.46894204827574715,0.6098037077624232,0.05191036079805922,0.7710135486488138,,,,160.0,120.0,,,0.0,0.0,0.25,0.62188034531437,SEARCHING
46.28387665748596,1.656447061279579,0.42129258201788894,0.9480929546305631,1.1875,1.03125,1.0,-0.46894706127957897,0.609957417982111,0.05190704536943691,0.7711379509485586,,,,160.0,120.0,,,0.0,0.0,0.25,0.6270886786477035,SEARCHING
46.3993878364563,1.6563695541221124,0.42114172391710775,0.9480953547630242,1.1875,1.03125,1.0,-0.4688695541221124,0.6101082760828922,0.0519046452369758,0.7712099970336765,,,,160.0,120.0,,,0.0,0.0,0.25,0.6322970119810369,SEARCHING
46.50600337982178,1.656200528824786,0.42096200126225863,0.9480966247322028,1.1875,1.03125,1.0,-0.4687005288247861,0.6102879987377414,0.0519033752677972,0.7712493679012913,,,,160.0,120.0,,,0.0,0.0,0.25,0.6375053453143704,SEARCHING
46.596805810928345,1.655932233808218,0.4207129659321574,0.9480962530758873,1.1875,1.03125,1.0,-0.4684322338082181,0.6105370340678427,0.051903746924112704,0.7712834930060913,,,,160.0,120.0,,,0.0,0.0,0.25,0.6427136786477039,SEARCHING
46.693411350250244,1.655568292836013,0.42042195804456545,0.9480908702273215,1.15625,1.03125,1.0,-0.4993182928360129,0.6108280419554346,0.051909129772678475,0.7906479698029568,,,,160.0,120.0,,,0.0,0.0,0.25,0.6479220119810374,SEARCHING
46.79712271690369,1.6551141534573033,0.4201283396331733,0.9480828191536524,1.125,1.03125,1.0,-0.5301141534573033,0.6111216603668267,0.051917180846347555,0.8106701506360603,,,,160.0,120.0,,,0.0,0.0,0.25,0.6531303453143709,SEARCHING
46.901611328125,1.654571831271519,0.41980855794439154,0.9480760120429337,1.125,1.03125,1.0,-0.529571831271519,0.6114414420556085,0.05192398795706632,0.8105572540324821,,,,160.0,120.0,,,0.0,0.0,0.25,0.6583386786477043,SEARCHING
46.993916034698486,1.653950882049549,0.41943452039674806,0.9480705809844112,1.125,1.03125,1.0,-0.528950882049549,0.611815479603252,0.051929419015588785,0.8104343781346209,,,,160.0,120.0,,,0.0,0.0,0.25,0.6635470119810378,SEARCHING
47.086453676223755,1.6532714088142568,0.41904645915603833,0.9480671354416361,1.125,1.03125,1.0,-0.5282714088142568,0.6122035408439617,0.05193286455836388,0.8102844433985644,,,,160.0,120.0,,,0.0,0.0,0.25,0.6687553453143713,SEARCHING
47.19000792503357,1.6525546655737517,0.4186960129321576,0.9480658701647832,1.125,1.03125,1.0,-0.5275546655737517,0.6125539870678425,0.051934129835216836,0.8100823822816323,,,,160.0,120.0,,,0.0,0.0,0.25,0.6739636786477048,SEARCHING
47.29076862335205,1.6518121112338509,0.41836658183949343,0.9480664560782909,1.125,1.03125,1.0,-0.5268121112338509,0.6128834181605065,0.051933543921709124,0.8098482436747281,,,,160.0,120.0,,,0.0,0.0,0.25,0.6791720119810383,SEARCHING
47.38931465148926,1.6510537153945053,0.41803102873451203,0.9480684899052907,1.125,1.03125,1.0,-0.5260537153945053,0.613218971265488,0.05193151009470931,0.8096091031732433,,,,160.0,120.0,,,0.0,0.0,0.25,0.6843803453143718,SEARCHING
47.48181343078613,1.6502977619311816,0.4177300542597216,0.948071548701897,1.125,1.03125,1.0,-0.5252977619311816,0.6135199457402785,0.05192845129810297,0.8093460487117251,,,,160.0,120.0,,,0.0,0.0,0.25,0.6895886786477052,SEARCHING
47.58041477203369,1.6495634172381286,0.4175157873397296,0.948074496485131,1.125,1.03125,1.0,-0.5245634172381286,0.6137342126602704,0.05192550351486902,0.8090319650109863,,,,160.0,120.0,,,0.0,0.0,0.25,0.6947970119810387,SEARCHING
47.666728496551514,1.6488613942138708,0.4173719869594285,0.9480776479275419,1.125,1.03125,1.0,-0.5238613942138708,0.6138780130405714,0.0519223520724581,0.8086859130015044,,,,160.0,120.0,,,0.0,0.0,0.25,0.7000053453143722,SEARCHING
47.759581327438354,1.6482007788610826,0.41727112310399495,0.9480789948184156,1.125,1.03125,1.0,-0.5232007788610826,0.613978876896005,0.05192100518158438,0.8083346504105767,,,,160.0,120.0,,,0.0,0.0,0.25,0.7052136786477057,SEARCHING
47.85478162765503,1.6475916483269402,0.41724152195132846,0.9480792004147678,1.125,1.03125,1.0,-0.5225916483269402,0.6140084780486715,0.051920799585232214,0.8079630012855069,,,,160.0,120.0,,,0.0,0.0,0.25,0.7104220119810392,SEARCHING
47.96873378753662,1.647037633651561,0.4173075798789614,0.9480791627419077,1.125,1.03125,1.0,-0.5220376336515611,0.6139424201210386,0.05192083725809227,0.8075545551318379,,,,160.0,120.0,,,0.0,0.0,0.25,0.7156303453143726,SEARCHING
48.072983741760254,1.6465354040946112,0.4174232021025256,0.9480800887041452,1.125,1.03125,1.0,-0.5215354040946112,0.6138267978974744,0.051919911295854826,0.8071419904392075,,,,160.0,120.0,,,0.0,0.0,0.25,0.7208386786477061,SEARCHING
48.178099632263184,1.6460809276444206,0.4175316818941071,0.9480828321510573,1.125,1.03125,1.0,-0.5210809276444206,0.613718318105893,0.051917167848942736,0.8067657029466183,,,,160.0,120.0,,,0.0,0.0,0.25,0.7260470119810396,SEARCHING
48.29950523376465,1.6456751864511685,0.4176446339725766,0.9480832730910007,1.125,1.03125,1.0,-0.5206751864511685,0.6136053660274234,0.05191672690899929,0.8064177214921253,,,,160.0,120.0,,,0.0,0.0,0.25,0.7312553453143731,SEARCHING
48.40198493003845,1.6453199187057963,0.4177855142585618,0.9480829415878925,1.125,1.03125,1.0,-0.5203199187057963,0.6134644857414382,0.051917058412107475,0.8060811832701343,,,,160.0,120.0,,,0.0,0.0,0.25,0.7364636786477066,SEARCHING
48.51572608947754,1.6450124038684215,0.41790933755560594,0.9480846215149604,1.125,1.03125,1.0,-0.5200124038684215,0.613340662444394,0.051915378485039576,0.8057883561506628,,,,160.0,120.0,,,0.0,0.0,0.25,0.74167201198104,SEARCHING
48.619848012924194,1.6447492858420463,0.4179605396300479,0.9480872241120706,1.125,1.03125,1.0,-0.5197492858420463,0.6132894603699521,0.05191277588792942,0.8055794303695785,,,,160.0,120.0,,,0.0,0.0,0.25,0.7468803453143735,SEARCHING
48.72338032722473,1.6445308033961297,0.4179519659342637,0.9480903714201208,1.125,1.03125,1.0,-0.5195308033961297,0.6132980340657364,0.05190962857987924,0.8054448111482412,,,,160.0,120.0,,,0.0,0.0,0.25,0.752088678647707,SEARCHING
48.81844091415405,1.644357749849104,0.4179083003973029,0.9480921956531025,1.125,1.03125,1.0,-0.519357749849104,0.613341699602697,0.05190780434689746,0.8053663346278918,,,,160.0,120.0,,,0.0,0.0,0.25,0.7572970119810405,SEARCHING
48.94222593307495,1.6442298079120592,0.4177922110746568,0.9480928784749028,1.125,1.03125,1.0,-0.5192298079120592,0.6134577889253432,0.051907121525097244,0.805372213006251,,,,160.0,120.0,,,0.0,0.0,0.25,0.762505345314374,SEARCHING
49.04955220222473,1.6441489926598503,0.41756454123762626,0.9480923757507314,1.125,1.03125,1.0,-0.5191489926598503,0.6136854587623737,0.05190762424926865,0.8054935880137878,,,,160.0,120.0,,,0.0,0.0,0.25,0.7677136786477075,SEARCHING
49.14872479438782,1.6441200358195633,0.41725545405607894,0.9480915662679462,1.125,1.03125,1.0,-0.5191200358195633,0.6139945459439211,0.05190843373205378,0.8057104936208176,,,,160.0,120.0,,,0.0,0.0,0.25,0.7729220119810409,SEARCHING
49.250709772109985,1.6441475021228573,0.41690671001952656,0.948090766768528,1.125,1.03125,1.0,-0.5191475021228573,0.6143432899804735,0.05190923323147201,0.8059940293818023,,,,160.0,120.0,,,0.0,0.0,0.25,0.7781303453143744,SEARCHING
49.35982394218445,1.6442303871277946,0.4164940772365585,0.9480894548832518,1.125,1.03125,1.0,-0.5192303871277946,0.6147559227634415,0.0519105451167482,0.806362042871518,,,,160.0,120.0,,,0.0,0.0,0.25,0.7833386786477079,SEARCHING
49.476479291915894,1.6443633026156874,0.4159864668864803,0.9480868784561756,1.125,1.03125,1.0,-0.5193633026156874,0.6152635331135197,0.051913121543824436,0.8068348204382537,,,,160.0,120.0,,,0.0,0.0,0.25,0.7885470119810414,SEARCHING
49.60137057304382,1.6445413709981018,0.41542161666863064,0.948083736503786,1.125,1.03125,1.0,-0.5195413709981018,0.6158283833313694,0.05191626349621403,0.8073804136282496,,,,160.0,120.0,,,0.0,0.0,0.25,0.7937553453143749,SEARCHING
49.697922229766846,1.6447594229244265,0.4148486447005484,0.9480820979108848,1.125,1.03125,1.0,-0.5197594229244265,0.6164013552994516,0.051917902089115175,0.8079578931423769,,,,160.0,120.0,,,0.0,0.0,0.25,0.7989636786477083,SEARCHING
49.82372570037842,1.645011491202867,0.4142474924055683,0.9480817248062153,1.125,1.03125,1.0,-0.520011491202867,0.6170025075944316,0.05191827519378467,0.8085787238481752,,,,160.0,120.0,,,0.0,0.0,0.25,0.8041720119810418,SEARCHING
49.92887330055237,1.6452915947678026,0.4135873643505985,0.9480810881704215,1.125,1.03125,1.0,-0.5202915947678026,0.6176626356494015,0.05191891182957853,0.8092626572806607,,,,160.0,120.0,,,0.0,0.0,0.25,0.8093803453143753,SEARCHING
50.037503480911255,1.6455930770251261,0.4129059064705527,0.9480782694619841,1.125,1.03125,1.0,-0.5205930770251261,0.6183440935294473,0.05192173053801585,0.8099768119837166,,,,160.0,120.0,,,0.0,0.0,0.25,0.8145886786477088,SEARCHING
50.13939332962036,1.6459087438910904,0.4122524059771049,0.948076447225264,1.125,1.03125,1.0,-0.5209087438910904,0.6189975940228951,0.05192355277473604,0.8106787256373991,,,,160.0,120.0,,,0.0,0.0,0.25,0.8197970119810423,SEARCHING
50.23584342002869,1.6462322190548444,0.4116072907911413,0.9480772871535565,1.125,1.03125,1.0,-0.5212322190548444,0.6196427092088588,0.05192271284644345,0.8113791230774093,,,,160.0,120.0,,,0.0,0.0,0.25,0.8250053453143757,SEARCHING
50.335052251815796,1.6465573057132534,0.4109402789714081,0.948079146331964,1.125,1.03125,1.0,-0.5215573057132534,0.6203097210285919,0.051920853668036004,0.8120972529143632,,,,160.0,120.0,,,0.0,0.0,0.25,0.8302136786477092,SEARCHING
50.44013714790344,1.646875819092937,0.41028954219753155,0.9480822528356488,1.125,1.03125,1.0,-0.5218758190929369,0.6209604578024684,0.05191774716435116,0.8127986916689743,,,,160.0,120.0,,,0.0,0.0,0.25,0.8354220119810427,SEARCHING
50.52718448638916,1.6471788688282516,0.40970452636040466,0.9480866899816693,1.125,1.03125,1.0,-0.5221788688282516,0.6215454736395953,0.05191331001833066,0.8134399416119672,,,,160.0,120.0,,,0.0,0.0,0.25,0.8406303453143762,SEARCHING
50.62791180610657,1.647459590460599,0.40916535659130904,0.9480919889697517,1.125,1.03125,1.0,-0.5224595904605991,0.622084643408691,0.051908011030248336,0.8140317984196265,,,,160.0,120.0,,,0.0,0.0,0.25,0.8458386786477097,SEARCHING
50.71802067756653,1.6477115186913505,0.4086414066799258,0.9480974985152514,1.125,1.0625,1.0,-0.5227115186913505,0.6538585933200742,0.05190250148474862,0.8387206099122034,,,,160.0,120.0,,,0.0,0.0,0.25,0.8510470119810432,SEARCHING
50.820858001708984,1.6479249299714365,0.40817043442042183,0.9481029629668923,1.125,1.09375,1.0,-0.5229249299714365,0.6855795655795782,0.05189703703310766,0.8638073428599289,,,,160.0,120.0,,,0.0,0.0,0.25,0.8562553453143766,SEARCHING
50.92895531654358,1.648089145659591,0.40780142991422164,0.9481076687348915,1.125,1.125,1.0,-0.523089145659591,0.7171985700857784,0.051892331265108504,0.8892068697913291,,,,160.0,120.0,,,0.0,0.0,0.25,0.8614636786477101,SEARCHING
51.02450776100159,1.6481968898717922,0.4075141250172632,0.9481118188575695,1.125,1.15625,1.0,-0.5231968898717922,0.7487358749827369,0.051888181142430545,0.9148949553910277,,,,160.0,120.0,,,0.0,0.0,0.25,0.8666720119810432,SEARCHING
51.124427318573,1.6482417903162634,0.4072772459683867,0.9481146632812822,1.125,1.1875,1.0,-0.5232417903162634,0.7802227540316133,0.051885336718717756,0.9408621605785082,,,,160.0,120.0,,,0.0,0.0,0.25,0.8718803453143762,SEARCHING
51.23295450210571,1.6482168826956822,0.4071236942966247,0.9481159591619618,1.125,1.21875,1.0,-0.5232168826956822,0.8116263057033752,0.051884040838038215,0.9670496988992754,,,,160.0,120.0,,,0.0,0.0,0.25,0.8770886786477092,SEARCHING
51.33395743370056,1.6481193041414877,0.4070925195372192,0.948115243026971,1.125,1.25,1.0,-0.5231193041414877,0.8429074804627807,0.05188475697302897,0.9933976318633629,,,,160.0,120.0,,,0.0,0.0,0.25,0.8822970119810423,SEARCHING
51.431535959243774,1.6479519941863705,0.40715330805372174,0.9481136794239646,1.125,1.28125,1.0,-0.5229519941863705,0.8740966919462783,0.05188632057603537,1.019909802559936,,,,160.0,120.0,,,0.0,0.0,0.25,0.8875053453143753,SEARCHING
51.52789044380188,1.6477188797963005,0.4072650164796846,0.9481125198069313,1.125,1.28125,1.0,-0.5227188797963005,0.8739849835203154,0.05188748019306866,1.0196946059067349,,,,160.0,120.0,,,0.0,0.0,0.25,0.8927136786477083,SEARCHING
51.624467611312866,1.6474174507206016,0.40745462666066556,0.9481054100285992,1.125,1.28125,1.0,-0.5224174507206016,0.8737953733393344,0.05189458997140084,1.0193779454917293,,,,160.0,120.0,,,0.0,0.0,0.25,0.8979220119810414,SEARCHING
51.73595571517944,1.6470435562026384,0.40776128426310476,0.9480942793736514,1.125,1.28125,1.0,-0.5220435562026384,0.8734887157368952,0.05190572062634857,1.0189240476729011,,,,160.0,120.0,,,0.0,0.0,0.25,0.9031303453143744,SEARCHING
51.84744334220886,1.6465998792136276,0.4081562032412171,0.9480844729608452,1.125,1.28125,1.0,-0.5215998792136276,0.8730937967587828,0.05191552703915481,1.0183586960801636,,,,160.0,120.0,,,0.0,0.0,0.25,0.9083386786477075,SEARCHING
51.952231645584106,1.646092305301808,0.4085983249499063,0.9480752688637927,1.15625,1.28125,1.0,-0.48984230530180795,0.8726516750500937,0.051924731136207325,1.0020791424506805,,,,160.0,120.0,,,0.0,0.0,0.25,0.9135470119810405,SEARCHING
52.05361747741699,1.645531664816429,0.4091034760742256,0.9480671787472383,1.1875,1.28125,1.0,-0.4580316648164291,0.8721465239257744,0.05193282125276166,0.9864733058190639,,,,160.0,120.0,,,0.0,0.0,0.25,0.9187553453143735,SEARCHING
52.151867628097534,1.644940601964876,0.40968708615686716,0.9480753866063435,1.21875,1.28125,1.0,-0.426190601964876,0.8715629138431329,0.051924613393656505,0.9715742418703762,112.04413102589524,112.32128299000135,35.21995633617863,160.0,120.0,-47.95586897410476,-7.67871700999865,0.0,0.08433790849315184,0.9849064180594344,0.9392742290239449,TRACKING
52.250447034835815,1.644341250895986,0.4103014900668993,0.9481213676894118,1.25,1.28125,1.0,-0.39434125089598604,0.8709485099331007,0.0518786323105882,0.9574694363807738,76.45368502378075,112.38383394350087,29.12969179902759,160.0,120.0,-83.54631497621925,-7.616166056499125,0.0,0.07382213274775046,1.5,0.9705242290239449,TRACKING
52.34095621109009,1.64374447336087,0.41089880119709665,0.9482268756012743,1.28125,1.28125,1.0,-0.36249447336086993,0.8703511988029033,0.05177312439872572,0.9442425053368607,55.846818445083954,112.77449206327556,26.483293542964127,160.0,120.0,-104.15318155491605,-7.225507936724441,0.0,0.06174846340113262,1.5,1.0017742290239449,TRACKING
52.440712690353394,1.6431499374348837,0.4115036699317648,0.9483698077885382,1.3125,1.28125,1.0,-0.3306499374348837,0.8697463300682352,0.05163019221146181,0.9319086524658136,45.75043198930457,112.85341984112911,25.64329167038884,160.0,120.0,-114.24956801069543,-7.14658015887089,0.0,-0.023338009175453284,1.5,1.0330242290239449,TRACKING
52.53617835044861,1.6425545792652891,0.41215393900483893,0.9485470279404634,1.34375,1.28125,1.0,-0.29880457926528914,0.869096060995161,0.051452972059536584,0.9204670271992206,45.13778079304797,112.37972289673391,23.722649511595034,160.0,120.0,-114.86221920695203,-7.6202771032660905,0.0,0.0650256361771766,1.5,1.0642742290239449,TRACKING
52.63898158073425,1.641966783572953,0.41282021313658274,0.9487445578907526,1.375,1.28125,1.0,-0.266966783572953,0.8684297868634172,0.05125544210924737,0.9099827902706417,48.78455797324485,113.12181988287705,21.587143714214015,160.0,120.0,-111.21544202675514,-6.878180117122952,0.0,-0.024690280564470694,1.5,1.0955242290239449,TRACKING
52.740464210510254,1.641397249197558,0.41346507475768957,0.9489441406481519,1.375,1.28125,1.0,-0.2663972491975579,0.8677849252423104,0.05105585935184809,0.9091891286371521,52.56678050029714,113.95418292387008,19.90405085060996,160.0,120.0,-107.43321949970286,-6.0458170761299215,0.0,-0.019752224451576556,1.4619289113643137,1.125981081344035,TRACKING
52.84572148323059,1.6408471756940137,0.41411630199274996,0.9491361717545169,1.375,1.28125,1.0,-0.2658471756940137,0.86713369800725,0.05086382824548308,0.9083956737391469,57.09340732519314,114.14521890051554,18.43277951819799,160.0,120.0,-102.90659267480686,-5.854781099484455,0.0,-0.015801779561261248,1.3277516080464515,1.1536425731783364,TRACKING
52.93626356124878,1.6403209116508437,0.4148099961909254,0.9493099446294768,1.375,1.28125,1.0,-0.2653209116508437,0.8664400038090746,0.05069005537052318,0.9075698034164483,61.96071476137554,113.9193922853351,17.257526579330523,160.0,120.0,-98.03928523862446,-6.080607714664893,0.0,-0.012641423649008998,1.2039392977579113,1.178724641881626,TRACKING
53.03630089759827,1.6398404000063411,0.41551931333739833,0.9494674485231247,1.40625,1.28125,1.0,-0.23359040000634113,0.8657306866626017,0.0505325514768753,0.8981133756732417,68.0994645948941,114.47260498546783,15.971504424849751,160.0,120.0,-91.9005354051059,-5.527395014532175,0.0,-0.010113138919207199,1.0704798955648165,1.20102630637256,TRACKING
53.13520288467407,1.6394270805313886,0.4162050910725262,0.9496047947044691,1.4375,1.28125,1.0,-0.20192708053138864,0.8650449089274739,0.050395205295530876,0.8897285636811095,75.10110942991847,115.00719324055409,14.67541393801147,160.0,120.0,-84.89889057008153,-4.992806759445912,0.0,-0.008090511135365758,0.9339797739071419,1.2204842183289593,TRACKING
53.24530506134033,1.639073052215666,0.41688046140666457,0.9497270773181409,1.46875,1.28125,1.0,-0.17032305221566602,0.8643695385933354,0.05027292268185912,0.8824239389993294,83.04172744658567,115.34410393582795,13.381335973312193,160.0,120.0,-76.95827255341433,-4.655896064172055,0.0,-0.006472408908292608,0.7917019205008872,1.2369780083393946,TRACKING
53.35666012763977,1.6387596993365479,0.4175590889054522,0.9498399563844181,1.5,1.28125,1.0,-0.13875969933654786,0.8636909110945479,0.050160043615581906,0.8762033291667045,90.96659694611564,115.57366755828816,12.246288382729219,160.0,120.0,-69.03340305388436,-4.4263324417118355,0.0,-0.005177927126634087,0.660303807379564,1.250734337659802,TRACKING
53.46863842010498,1.6384910480751391,0.41819351744622413,0.9499434490958141,1.53125,1.28125,1.0,-0.10724104807513912,0.8630564825537759,0.050056550904185926,0.8711330511229463,98.12565587386189,116.0728839128873,11.330973345456732,160.0,120.0,-61.87434412613811,-3.9271160871126938,0.0,-0.004142341701307269,0.5514835655579728,1.2622235786089266,TRACKING
53.57444643974304,1.6382740110532525,0.4187307458253857,0.9500293876043828,1.5625,1.28125,1.0,-0.07577401105325254,0.8625192541746143,0.049970612395617175,0.8672820917534412,104.73167631801022,116.74737454337675,10.592008265824951,160.0,120.0,-55.268323681989784,-3.2526254566232495,0.0,-0.0033138733610458162,0.4585230495356523,1.2717761421409195,TRACKING
53.67734146118164,1.6380879046716197,0.41918344790223494,0.9501043940475477,1.5625,1.28125,1.0,-0.07558790467161969,0.8620665520977651,0.04989560595245235,0.8668113076510578,109.96235337013437,117.01079345319489,10.045152071547205,160.0,120.0,-50.037646629865634,-2.9892065468051072,0.0,-0.002651098688836653,0.3946661763013084,1.2799983541471969,TRACKING
53.78377151489258,1.6379060886819683,0.4195765174612776,0.950175624471415,1.5625,1.28125,1.0,-0.0754060886819683,0.8616734825387224,0.049824375528584985,0.8664004484749165,114.00052969058734,116.8320157445767,9.630391784738105,160.0,120.0,-45.99947030941266,-3.167984255423306,0.0,-0.0021208789510693223,0.3538132928458869,1.2873694644148195,TRACKING
53.888062953948975,1.637729022664653,0.4198768280356667,0.9502417080397632,1.5625,1.28125,1.0,-0.07522902266465303,0.8613731719643333,0.049758291960236845,0.866082579694209,116.67877943376948,117.24748862447778,9.366575100372128,160.0,120.0,-43.32122056623052,-2.752511375522218,0.0,-0.0016967031608554582,0.3371357347111775,1.2943931255546355,TRACKING
53.99651026725769,1.637560493837919,0.42004543520895904,0.9502997982012237,1.5625,1.28125,1.0,-0.0750604938379189,0.8612045647910409,0.04970020179877632,0.8658969281681034,118.61853283434273,117.84865904878166,9.155438808528015,160.0,120.0,-41.38146716565727,-2.1513409512183443,0.0,-0.0013573625286843667,0.3313928838023842,1.3012971439671848,TRACKING
54.091660499572754,1.6373830593084424,0.42010452530113573,0.9503518481496886,1.53125,1.28125,1.0,-0.10613305930844241,0.8611454746988643,0.04964815185031135,0.8690803724941976,119.4020451979136,117.8016287631778,9.083560192736813,160.0,120.0,-40.597954802086406,-2.1983712368221973,0.0,-0.0010858900229474932,0.3437668050567537,1.308458952405867,TRACKING
54.19515419006348,1.6371856639979139,0.42008451244592376,0.9504001563438568,1.5,1.28125,1.0,-0.13718566399791388,0.8611654875540762,0.04959984365614323,0.8734334822134495,119.26132937864384,117.52105869606558,9.073734129169921,160.0,120.0,-40.738670621356164,-2.4789413039344197,0.0,-0.0008687120183579947,0.3689550492156245,1.3161455159311926,TRACKING
54.295965909957886,1.6369883874973652,0.4199588071429274,0.9504439926302752,1.46875,1.28125,1.0,-0.1682383874973652,0.8612911928570726,0.049556007369724764,0.8789667068708011,118.00662785954623,117.86368815244262,9.058273882721435,160.0,120.0,-41.99337214045377,-2.13631184755738,0.0,-0.0006949696146863958,0.4099752912979018,1.324686667833232,TRACKING
54.396026849746704,1.6368141818293724,0.4196955410505367,0.9504780106586979,1.4375,1.28125,1.0,-0.19931418182937244,0.8615544589494633,0.04952198934130214,0.8856944485782524,116.07930810870505,118.26139729908769,9.231283318187268,160.0,120.0,-43.92069189129495,-1.7386027009123097,0.0,-0.0005559756917491166,0.45802436975736227,1.334228842203177,TRACKING
54.50312542915344,1.6366506253884137,0.4193265036321227,0.9505071036409007,1.40625,1.28125,1.0,-0.23040062538841366,0.8619234963678772,0.04949289635909926,0.8935581170580964,114.30155027065828,118.169908244407,9.320760620902535,160.0,120.0,-45.69844972934172,-1.8300917555930027,0.0,-0.0004447805533992934,0.4980406846732663,1.344604689800537,TRACKING
54.61494159698486,1.636477027638715,0.4188963737131191,0.9505364605696762,1.375,1.28125,1.0,-0.26147702763871505,0.862353626286881,0.04946353943032378,0.9024802792781048,112.27100767592788,117.76044035886454,9.45641496442344,160.0,120.0,-47.728992324072124,-2.2395596411354575,0.0,-0.0003558244427194347,0.5387175705024079,1.3558279725193376,TRACKING
54.71940088272095,1.6363046114003932,0.41839456007956916,0.9505649388283446,1.34375,1.28125,1.0,-0.2925546114003932,0.8628554399204309,0.049435061171655414,0.9124426207301809,109.60078229343026,117.56219699986352,9.607600074317862,160.0,120.0,-50.39921770656974,-2.4378030001364834,0.0,-0.00028465955417554783,0.5876299474381697,1.3680702630909662,TRACKING
54.81118655204773,1.6361477964017548,0.41780502225699456,0.9505909303755954,1.3125,1.28125,1.0,-0.3236477964017548,0.8634449777430054,0.04940906962440461,0.9234318501473079,106.59050849072966,117.71542804991128,9.81428876504245,160.0,120.0,-53.40949150927034,-2.2845719500887185,0.0,-0.00022772764334043826,0.6390417494501436,1.3813836328711773,TRACKING
54.91970729827881,1.6359854009839836,0.4171737455556515,0.9506158960739715,1.28125,1.28125,1.0,-0.3547354009839836,0.8640762544443485,0.049384103926028544,0.9353629070721262,104.00382945085904,117.11502823244233,9.966439558468387,160.0,120.0,-55.996170549140956,-2.8849717675576727,0.0,-0.0001821821146723506,0.679128983741586,1.395532153365794,TRACKING
55.02682566642761,1.6357901914452455,0.41655857451119654,0.950636235382948,1.25,1.28125,1.0,-0.3857901914452455,0.8646914254888034,0.04936376461705205,0.9481361265063081,101.81498914305837,116.1997683510875,10.103931915473323,160.0,120.0,-58.18501085694163,-3.8002316489125008,0.0,-0.00014574569173788049,0.7096786744077586,1.4103171257492892,TRACKING
55.131369829177856,1.6355694721761942,0.4159624587343675,0.9506541520110524,1.25,1.28125,1.0,-0.3855694721761942,0.8652875412656325,0.04934584798894759,0.9485891416506416,100.46944898241665,115.83131923106332,10.137290318421918,160.0,120.0,-59.53055101758335,-4.168680768936682,0.0,-0.00011659655339030441,0.7234844299181651,1.4253897180392512,TRACKING
55.227904319763184,1.6353393942726713,0.41537983458700123,0.9506695038457282,1.25,1.28125,1.0,-0.3853393942726713,0.8658701654129988,0.049330496154271763,0.9490263905611843,99.95514183857082,115.54035750019116,10.158587423710086,160.0,120.0,-60.044858161429175,-4.459642499808837,0.0,-9.327724271224353e-05,0.7222202505280502,1.4404359732585856,TRACKING
55.34272766113281,1.6350929727486976,0.4148411524947506,0.9506846865899001,1.25,1.28125,1.0,-0.3850929727486976,0.8664088475052494,0.04931531341009987,0.9494171311033628,100.78856985620385,114.83259567163304,10.09515073601031,160.0,120.0,-59.21143014379615,-5.167404328366956,0.0,-7.462179416979483e-05,0.6975003843603264,1.4549672312660924,TRACKING
55.449871301651,1.6348291752957134,0.41436087596452204,0.9506984199877399,1.25,1.3125,1.0,-0.38482917529571337,0.8981391240354779,0.04930158001226015,0.9783547547151288,102.72580664310476,114.71618718656148,9.722194677167689,160.0,120.0,-57.27419335689524,-5.283812813438516,0.0,-5.969743533583587e-05,0.6554840065934806,1.4686231480701233,TRACKING
55.55750775337219,1.634574820430603,0.41391215735971826,0.95071261779608,1.25,1.34375,1.0,-0.384574820430603,0.9298378426402818,0.04928738220392004,1.0074350858291958,104.71633837441459,114.94487042614777,9.378593353055727,160.0,120.0,-55.28366162558541,-5.055129573852227,0.0,-4.7757948268668704e-05,0.6165288298851326,1.48146749869273,TRACKING
55.657057762145996,1.634347148705679,0.41347978202169305,0.9507265090444009,1.25,1.375,1.0,-0.3843471487056791,0.9615202179783069,0.049273490955599075,1.0366637532055356,106.74061994336948,115.31416577699605,8.923332297757097,160.0,120.0,-53.25938005663052,-4.685834223003951,0.0,-3.820635861493496e-05,0.5802633076184555,1.4935563176014481,TRACKING
55.76770782470703,1.6341274158869743,0.41309856067013057,0.9507405135068803,1.25,1.40625,1.0,-0.3841274158869743,0.9931514393298695,0.04925948649311973,1.0659878752071066,109.49140242913255,115.20420775504743,8.483129102558532,160.0,120.0,-50.50859757086745,-4.795792244952565,0.0,-3.056508689194797e-05,0.5332923143598545,1.5046665741506118,TRACKING
55.86186385154724,1.6338988570566444,0.412802099565814,0.9507553495007814,1.25,1.4375,1.0,-0.3838988570566444,1.024697900434186,0.049244650499218556,1.0953580032146646,112.46941157893616,114.95773504078082,8.019687727164145,160.0,120.0,-47.53058842106384,-5.042264959219182,0.0,-2.445206951355838e-05,0.48533392720845864,1.5147776976341216,TRACKING
55.9764723777771,1.63368575033852,0.4125725747448816,0.9507687727076469,1.25,1.46875,1.0,-0.38368575033852004,1.0561774252551184,0.049231227292353075,1.124788523399877,114.98396388556142,115.14752777650753,7.600121022061602,160.0,120.0,-45.01603611443858,-4.8524722234924695,0.0,-1.9561655610846707e-05,0.4488174756569244,1.5241280617103072,TRACKING
56.094435691833496,1.633516355600089,0.41238686580760486,0.9507745357403428,1.25,1.46875,1.0,-0.3835163556000889,1.0563631341923951,0.04922546425965724,1.124904890479694,116.91457652561492,115.4458930547299,7.3203711276426535,160.0,120.0,-43.08542347438508,-4.554106945270107,0.0,-1.5649324488677365e-05,0.4247202585740394,1.5329764004305995,TRACKING
56.19596457481384,1.6333720393663256,0.412271493487055,0.9507786059726575,1.25,1.46875,1.0,-0.3833720393663256,1.056478506512945,0.04922139402734249,1.1249638664960369,118.8694747416497,115.11483048557443,7.093067535496106,160.0,120.0,-41.1305252583503,-4.88516951442557,0.0,-1.2519459590941894e-05,0.40065053759075625,1.5413232866304067,TRACKING
56.30650234222412,1.6332237831642817,0.4122561257045666,0.9507827356426474,1.21875,1.46875,1.0,-0.41447378316428174,1.0564938742954335,0.04921726435735263,1.1359534156228013,119.6151585820723,114.89963981562337,6.885528945603596,160.0,120.0,-40.3848414179277,-5.100360184376626,0.0,-1.0015567672753515e-05,0.39930624504809614,1.549642166735575,TRACKING
56.41065764427185,1.63308490419659,0.4123211318559484,0.950788009374579,1.1875,1.46875,1.0,-0.44558490419659,1.0564288681440517,0.04921199062542103,1.147610421840671,119.17100671909407,115.1097658801552,6.862918314726261,160.0,120.0,-40.828993280905934,-4.890234119844806,0.0,-8.012454138202813e-06,0.4185054911007626,1.5583610311335079,TRACKING
56.50922083854675,1.6329732839481368,0.4124410312247558,0.9507936295739171,1.15625,1.46875,1.0,-0.4767232839481368,1.0563089687752443,0.04920637042608289,1.1599461167932865,118.06115436741113,115.42134782210087,6.808803279503405,160.0,120.0,-41.938845632588865,-4.57865217789913,0.0,-6.409963310562251e-06,0.4471464036511985,1.5676765812095743,TRACKING
56.61461520195007,1.63286275756726,0.4126302236456927,0.9507996328045061,1.125,1.46875,1.0,-0.5078627575672601,1.0561197763543073,0.04920036719549392,1.172916978589135,117.16475033881724,115.09887608436557,6.863225183435025,160.0,120.0,-42.83524966118276,-4.901123915634429,0.0,-5.127970648449802e-06,0.4686181799218412,1.5774394599579455,TRACKING
56.71657609939575,1.632722981696701,0.4128958830281558,0.9508066297617309,1.09375,1.46875,1.0,-0.538972981696701,1.0558541169718443,0.049193370238269085,1.1864821022673813,116.23208772023119,114.88926945483763,6.898599420990578,160.0,120.0,-43.76791227976881,-5.110730545162369,0.0,-4.1023765187598415e-06,0.4884814809880467,1.5876161574785304,TRACKING
56.82381820678711,1.6325683175729457,0.4131964760436002,0.9508153572179889,1.0625,1.46875,1.0,-0.5700683175729457,1.0555535239563998,0.04918464278201107,1.200662424548556,114.68354973665615,115.27802514564446,6.892385731889726,160.0,120.0,-45.31645026334385,-4.721974854355537,0.0,-3.2819012150078733e-06,0.5178335132168769,1.5984043556705485,TRACKING
56.9323410987854,1.632417961368006,0.4134859441702822,0.9508248159514485,1.03125,1.46875,1.0,-0.6011679613680061,1.0552640558297177,0.04917518404855148,1.2154848185097826,112.93661461032063,115.88071634466891,6.924754876881886,160.0,120.0,-47.06338538967937,-4.119283655331088,0.0,-2.6255209720062985e-06,0.5484597767469154,1.6098306010194428,TRACKING
57.0327353477478,1.6322505283002768,0.41377024476750063,0.9508349046911069,1.0,1.46875,1.0,-0.6322505283002768,1.0549797552324993,0.049165095308893125,1.2309103221125153,111.7337994967084,116.09746562403478,6.9385937217310385,160.0,120.0,-48.2662005032916,-3.9025343759652174,0.0,-2.100416777605039e-06,0.5668523773704565,1.6216400255479941,TRACKING
57.139321088790894,1.6320465489312546,0.4140653811277965,0.9508455246058357,0.96875,1.46875,1.0,-0.6632965489312546,1.0546846188722034,0.04915447539416429,1.2468913824231014,110.77696967286047,116.06335265562261,6.85799229405651,160.0,120.0,-49.223030327139526,-3.9366473443773913,0.0,-1.6803334220840313e-06,0.5797343632787657,1.633717824782968,TRACKING
57.24742603302002,1.6318335821989884,0.4143424541157941,0.950856900405305,0.9375,1.46875,1.0,-0.6943335821989884,1.054407545884206,0.04914309959469498,1.2634434852515595,109.2800302873593,116.5661792261547,6.895198042894544,160.0,120.0,-50.719969712640705,-3.433820773845298,0.0,-1.344266737667225e-06,0.6021578405215731,1.646262779793834,TRACKING
57.34397220611572,1.6316435610414022,0.4145682605632358,0.9508690877227599,0.90625,1.46875,1.0,-0.7253935610414022,1.054181739436764,0.04913091227724009,1.2805892412102493,107.60701968678353,117.24301649700055,6.9193817796392665,160.0,120.0,-52.39298031321647,-2.7569835029994465,0.0,-1.0754133901337802e-06,0.626713249851323,1.659319305832403,TRACKING
57.442885398864746,1.6314550219330348,0.41476030978390543,0.9508814501791001,0.875,1.46875,1.0,-0.7564550219330348,1.0539896902160946,0.049118549820899915,1.2982800542356165,106.5195627964093,117.33296072305036,6.935101208523335,160.0,120.0,-53.4804372035907,-2.6670392769496374,0.0,-8.603307121070241e-07,0.6393183852132,1.6726384388576783,TRACKING
57.55376744270325,1.631234415709844,0.4149463229282968,0.9508919793714401,0.84375,1.46875,1.0,-0.787484415709844,1.0538036770717032,0.0491080206285599,1.3164518572609376,105.81271581766603,116.86642446998273,6.88810824884278,160.0,120.0,-54.18728418233397,-3.133575530017268,0.0,-6.882645696856193e-07,0.6448270186364524,1.6860723350792712,TRACKING
57.6615104675293,1.6309955246383245,0.41511086580706485,0.9509016568611351,0.8125,1.46875,1.0,-0.8184955246383245,1.0536391341929352,0.04909834313886485,1.3351033653821662,104.65326528148292,116.91317590548877,6.85756282505042,160.0,120.0,-55.346734718517084,-3.086824094511229,0.0,-5.506116557484955e-07,0.6591748667119919,1.699805144802438,TRACKING
57.77010464668274,1.6307580033256774,0.4152340329562085,0.9509087446101612,0.78125,1.46875,1.0,-0.8495080033256774,1.0535159670437915,0.04909125538983883,1.3542413713538457,103.25346879221682,117.11856433856771,6.84473983568768,160.0,120.0,-56.74653120778318,-2.881435661432292,0.0,-4.4048932459879637e-07,0.6776962917132164,1.7139238175464637,TRACKING
57.863202810287476,1.6305058770468122,0.4153399036435055,0.950914818646387,0.75,1.46875,1.0,-0.8805058770468122,1.0534100963564945,0.04908518135361295,1.3738168675803526,102.63975471494095,116.72706682006901,6.829373356499604,160.0,120.0,-57.36024528505905,-3.2729331799309875,0.0,-3.5239145967903714e-07,0.6811597533138252,1.7281146457405017,TRACKING
57.95620846748352,1.630234736793548,0.4154574953707092,0.950918684794692,0.75,1.46875,1.0,-0.8802347367935479,1.0532925046292907,0.04908131520530801,1.3735527902736515,102.9408405647116,116.64759343304485,6.7739189842531236,160.0,120.0,-57.05915943528839,-3.3524065669551533,0.0,-2.819131677432297e-07,0.6684333206141743,1.7420403399199635,TRACKING
58.06976628303528,1.6299769417880017,0.41557246372496226,0.9509226084104198,0.75,1.46875,1.0,-0.8799769417880017,1.0531775362750377,0.049077391589580244,1.373299286884749,103.31154636706253,116.94593573147915,6.6780823872956585,160.0,120.0,-56.68845363293747,-3.054064268520847,0.0,-2.2553053419458378e-07,0.6562902431673636,1.7557130533192833,TRACKING
58.171329975128174,1.6297517214475545,0.41566323470532196,0.9509262869463161,0.78125,1.46875,1.0,-0.8485017214475545,1.053086765294678,0.04907371305368391,1.353275705778814,104.66083758182796,117.13985822546145,6.562054892799003,160.0,120.0,-55.33916241817204,-2.8601417745385476,0.0,-1.80424427355667e-07,0.6276867922955782,1.7687898614921078,TRACKING
58.27286124229431,1.6295371068494373,0.4157515613968354,0.9509303739624945,0.8125,1.46875,1.0,-0.8170371068494373,1.0529984386031646,0.04906962603750553,1.3337028056763853,107.22954442818818,116.91590784654994,6.430001212431472,160.0,120.0,-52.77045557181182,-3.084092153450058,0.0,-1.4433954188453362e-07,0.5792699079620037,1.7808579845746495,TRACKING
58.368854999542236,1.6293209580296157,0.4158665950107223,0.950934070996024,0.84375,1.46875,1.0,-0.7855709580296157,1.0528834049892777,0.049065929003975994,1.3145693819614113,110.39465866653032,116.59534010025746,6.302788370477918,160.0,120.0,-49.60534133346968,-3.4046598997425406,0.0,-1.1547163350762691e-07,0.523753093708767,1.7917695073602484,TRACKING
58.47295641899109,1.62913360113853,0.41599711785668897,0.9509382454241816,0.875,1.46875,1.0,-0.75413360113853,1.052752882143311,0.049061754575818406,1.2959217472476003,113.23152813324471,116.91197106516735,6.211380531249489,160.0,120.0,-46.76847186675529,-3.08802893483265,0.0,-9.237730680610154e-08,0.47827425130643986,1.8017335542624657,TRACKING
58.57843494415283,1.6289965016270054,0.41612441640853537,0.9509414997877197,0.90625,1.46875,1.0,-0.7227465016270054,1.0526255835914646,0.04905850021228031,1.2778066603709752,116.12549328660907,117.11778119235878,6.15196543575101,160.0,120.0,-43.87450671339093,-2.882218807641223,0.0,-7.390184544488123e-08,0.4344548056657789,1.8107846960471692,TRACKING
58.686482429504395,1.6288772806087009,0.41626013469403467,0.9509448436398268,0.9375,1.46875,1.0,-0.6913772806087009,1.0524898653059653,0.04905515636017321,1.2602158025827055,119.5815706362959,116.90155777503321,5.955372048084959,160.0,120.0,-40.41842936370411,-3.0984422249667887,0.0,-5.912147635590499e-08,0.38251685753603076,1.8187537972458365,TRACKING
58.781391859054565,1.6287405996519542,0.4164101066522581,0.9509494157938578,0.96875,1.46875,1.0,-0.6599905996519542,1.052339893347742,0.04905058420614217,1.243146331921969,123.22802091359233,116.7610125537716,5.827586346102025,160.0,120.0,-36.77197908640767,-3.238987446228407,0.0,-4.729718108472399e-08,0.32967794448103954,1.8256220877558587,TRACKING
58.889310359954834,1.6286061065016637,0.4165436372329147,0.9509481181502397,1.0,1.46875,1.0,-0.6286061065016637,1.0522063627670852,0.04905188184976028,1.226658042851276,126.47321359383501,117.01965815995153,5.783273188870125,160.0,120.0,-33.52678640616499,-2.9803418400484674,0.0,-3.78377448677792e-08,0.28660550357877146,1.8315930357470833,TRACKING
58.98615121841431,1.6285001528632235,0.41662621759425467,0.9509418078320441,1.03125,1.46875,1.0,-0.5972501528632235,1.0521237824057454,0.04905819216795593,1.2108174531355684,129.45758883599277,117.4721528039685,5.745937732448809,160.0,120.0,-30.542411164007234,-2.5278471960315017,0.0,-3.027019589422336e-08,0.24965794905907784,1.8367942430191473,TRACKING
59.078632831573486,1.6283963810353006,0.4166626682784224,0.9509394702061407,1.0625,1.46875,1.0,-0.5658963810353006,1.0520873317215775,0.04906052979385933,1.1956309644792298,132.50412295945975,117.4671112671596,5.647751271659048,160.0,120.0,-27.49587704054025,-2.532888732840405,0.7,-2.421615671537869e-08,0.21223822978831267,1.841215872806404,TRACKING
59.1794548034668,1.628265313336845,0.41666919143874853,0.9509413599762575,1.09375,1.46875,1.0,-0.534515313336845,1.0520808085612514,0.049058640023742495,1.181095846278134,135.56742296564101,117.32605808415178,5.647578224497082,160.0,120.0,-24.432577034358985,-2.673941915848218,0.7,-1.9372925372302953e-08,0.17513842205782137,1.8448645899326088,TRACKING
59.287023067474365,1.6281278658301164,0.41665873496337835,0.9509478034122635,1.125,1.46875,1.0,-0.5031278658301164,1.0520912650366216,0.04905219658773652,1.1672359647180208,138.16882492766666,117.32131275469865,5.65773600560633,160.0,120.0,-21.831175072333338,-2.6786872453013473,0.7,-1.549834029784236e-08,0.1470881697741916,1.8479289268029042,TRACKING
59.37855577468872,1.6280039951440965,0.4166756438056084,0.9509581638041924,1.15625,1.46875,1.0,-0.47175399514409655,1.0520743561943915,0.0490418361958076,1.1540439266309217,140.55973620298334,116.96822829055412,5.664338563327342,160.0,120.0,-19.440263797016655,-3.031771709445877,0.7,-1.239867223827389e-08,0.1226783667025105,1.8504847261092063,TRACKING
59.47813153266907,1.6278610855378393,0.41676830364387163,0.9509684733666897,1.1875,1.46875,1.0,-0.44036108553783926,1.0519816963561284,0.04903152663331034,1.141484763686478,143.29920679732004,116.24963075275178,5.682837326714225,160.0,120.0,-16.70079320267996,-3.7503692472482157,0.7,-9.918937790619113e-09,0.09134005443978382,1.8523876439100349,TRACKING
59.573039531707764,1.627664760881751,0.4169588641227898,0.950976023735539,1.21875,1.46875,1.0,-0.40891476088175094,1.05179113587721,0.04902397626446098,1.1295482395301362,146.16948441825804,115.63725998928865,5.689186326268055,160.0,120.0,-13.830515581741963,-4.362740010711349,0.7,-7.935150232495292e-09,0.057692206151550934,1.853589564871525,TRACKING
59.6676561832428,1.6274252576089776,0.4172918754246101,0.9509764038289154,1.25,1.46875,1.0,-0.3774252576089776,1.0514581245753898,0.04902359617108465,1.1182206069458498,148.6184999853931,114.96699647411671,5.741987687887529,160.0,120.0,-11.3815000146069,-5.033003525883288,0.7,-6.348120185996234e-09,0.03208808776651825,1.8542580666999946,TRACKING
59.76772665977478,1.6271493043670637,0.4178585271382217,0.9509639189852997,1.28125,1.46875,1.0,-0.34589930436706373,1.0508914728617782,0.04903608101470025,1.1074401806583036,150.9103601040309,113.83132518925497,5.776307237796145,160.0,120.0,-9.0896398959691,-6.168674810745031,0.7,-5.078496148796987e-09,-0.1587098300234172,1.8509516119078402,TRACKING
59.87404227256775,1.626795559119806,0.41874014416099226,0.9509492062449708,1.3125,1.46875,1.0,-0.314295559119806,1.0500098558390079,0.04905079375502919,1.0971364437523183,153.69400533837205,112.49036137301573,5.836539878670277,160.0,120.0,-6.305994661627949,-7.50963862698427,0.7,0.08248086019024699,-0.12696786401873375,1.8483064480741165,TRACKING
59.98749589920044,1.6263266008372734,0.41997114792796586,0.950947362333458,1.34375,1.46875,1.0,-0.28257660083727343,1.0487788520720343,0.049052637666542,1.0872868881561695,156.60110346994182,111.36418968066823,5.917039004212157,160.0,120.0,-3.398896530058181,-8.635810319331767,0.7,0.0852376426478832,-0.10157429121498701,1.8461903170071379,TRACKING
60.09502458572388,1.625753482990841,0.4215929549406294,0.9509594298301705,1.375,1.46875,1.0,-0.2507534829908411,1.0471570450593706,0.049040570169829545,1.0778776200348965,159.1463157051692,110.27814060505642,5.98819898040056,160.0,120.0,-0.8536842948307992,-9.721859394943579,0.7,0.08803471259149709,-0.08125943297198962,1.8444974121535544,TRACKING
60.1941933631897,1.6250872707636927,0.42368177921759914,0.9509831332451357,1.40625,1.46875,1.0,-0.21883727076369275,1.045068220782401,0.049016866754864274,1.0688592004520796,161.52852805992248,109.03684531784722,6.022560503146289,160.0,120.0,1.528528059922479,-10.963154682152776,0.7,0.09297303442307697,-0.0650075463775917,1.843143088270688,TRACKING
60.30180597305298,1.6242957137341012,0.42628846265824916,0.9510213905182945,1.40625,1.46875,1.0,-0.2180457137341012,1.042461537341751,0.048978609481705515,1.0661467508281877,163.3560432389496,107.8864494566007,6.075789891620284,160.0,120.0,3.35604323894961,-12.113550543399299,0.7,0.09706316720645926,-0.052006037102073355,1.8420596291643951,TRACKING
60.39933919906616,1.623352440320734,0.42941295765641085,0.951070446134977,1.40625,1.46875,1.0,-0.217102440320734,1.0393370423435893,0.04892955386502296,1.06289654173027,164.63142810531724,107.22619214679045,6.078265428454552,160.0,120.0,4.631428105317241,-12.773807853209547,0.7,0.09600644788269933,-0.041604829681658684,1.8411928618793603,TRACKING
60.510345697402954,1.622279308038774,0.4330640855709885,0.9511280058076506,1.375,1.46875,1.0,-0.24727930803877407,1.0356859144290116,0.048871994192349444,1.065917839867187,164.1113773651359,106.70620305703488,6.095836675109533,160.0,120.0,4.111377365135894,-13.293796942965116,0.7,0.09422569567408356,-0.03328386374532694,1.8404994480513324,TRACKING
60.62389826774597,1.621091854163634,0.43730243405406516,0.9511850408521062,1.34375,1.46875,1.0,-0.2773418541636341,1.0314475659459348,0.0488149591478938,1.0691985248789517,162.72334438401802,105.84985382545159,6.107257985435272,160.0,120.0,2.72334438401802,-14.15014617454841,0.7,0.09697210613054139,-0.026627090996261555,1.83994471698891,TRACKING
60.73293328285217,1.619754900257582,0.4421850973696527,0.9512265849203372,1.3125,1.46875,1.0,-0.30725490025758195,1.0265649026303474,0.04877341507966282,1.0726695292881607,161.27469121411366,104.8629472839068,6.131540534084563,160.0,120.0,1.274691214113659,-15.137052716093194,0.7,0.10138817574573604,-0.021301672797009247,1.8395009321389724,TRACKING
60.843504667282104,1.618238201039788,0.4477205595152785,0.9512443546598454,1.28125,1.46875,1.0,-0.336988201039788,1.0210294404847216,0.04875564534015464,1.0763081709850164,159.6450722689102,104.20794904447595,6.143360648722043,160.0,120.0,-0.3549277310897878,-15.792050955524047,0.7,0.10218023624942311,-0.017041338237607395,1.8391459042590217,TRACKING
60.96066927909851,1.6165678717209062,0.4538885740285198,0.9512410497944996,1.25,1.46875,1.0,-0.3665678717209062,1.01486142597148,0.04875895020550036,1.0801357107919372,157.38735193694984,104.00877680322577,6.111011932503068,160.0,120.0,-2.612648063050159,-15.991223196774229,0.7,0.09840781082516672,-0.013633070590085918,1.8388618819550615,TRACKING
61.06771969795227,1.6147734249764365,0.460674279347909,0.9512160530457938,1.21875,1.46875,1.0,-0.3960234249764365,1.008075720652091,0.04878394695420618,1.0841729959645419,154.87383915330452,104.07776264609578,6.112032500542277,160.0,120.0,-5.126160846695484,-15.922237353904222,0.7,0.09262717541632084,-0.010906456472068735,1.8386346641118934,TRACKING
61.179970026016235,1.612824752989776,0.468084848031581,0.9511634433864797,1.1875,1.46875,1.0,-0.4253247529897759,1.0006651519684189,0.048836556613520266,1.0884010754917777,152.70475921307565,103.93730948338998,6.169388923013308,160.0,120.0,-7.295240786924353,-16.06269051661002,0.7,0.0902397684778542,-0.008725165177654988,1.8384528898373587,TRACKING
61.28751254081726,1.6106842863945705,0.4761160696186338,0.9510794056440746,1.15625,1.46875,1.0,-0.4544342863945705,0.9926339303813663,0.04892059435592544,1.092806416959307,150.70809348849917,103.7453610885199,6.168822101182405,160.0,120.0,-9.291906511500827,-16.2546389114801,0.7,0.08902418095949896,-0.0069801321421239905,1.838307470417731,TRACKING
61.39837908744812,1.6083709016243348,0.4847307255088963,0.9509690750645372,1.125,1.46875,1.0,-0.4833709016243348,0.9840192744911037,0.049030924935462794,1.0974267140484357,148.2470245309522,104.07124847096566,6.206302163429392,160.0,120.0,-11.752975469047811,-15.928751529034344,0.7,0.08254010068592671,0.2112582916902329,1.8427086848279437,TRACKING
61.50802421569824,1.605909743427119,0.4938879252556715,0.9508350907947145,1.09375,1.46875,1.0,-0.512159743427119,0.9748620747443285,0.04916490920528549,1.102307060604854,145.53556594511892,104.57131150612767,6.148664496667947,160.0,120.0,-14.464434054881082,-15.428688493872329,0.7,0.07514107711416004,0.24547723906616775,1.8478227939751557,TRACKING
61.60609531402588,1.603283068578602,0.5035816560494373,0.95067533269073,1.0625,1.46875,1.0,-0.5407830685786019,0.9651683439505627,0.04932466730926999,1.1074426315754378,143.4231178643273,104.721352478983,6.189410748594053,160.0,120.0,-16.57688213567269,-15.278647521017007,0.7,0.07260787612551672,0.26790143496702185,1.8534040738703021,TRACKING
61.713643312454224,1.6004848195728358,0.5138104690904076,0.9504814183019249,1.03125,1.46875,1.0,-0.5692348195728358,0.9549395309095924,0.049518581698075104,1.112829671351973,141.35002661181275,104.81887911133894,6.215895812346022,160.0,120.0,-18.64997338818725,-15.181120888661056,0.7,0.07102056028263609,0.2898676663877746,1.859442983586714,TRACKING
61.816683769226074,1.5975403790737044,0.524533935797067,0.9502634014554178,1.03125,1.5,1.0,-0.5662903790737044,0.975466064202933,0.04973659854458223,1.1290228363845372,140.17148244660407,105.35899528406466,6.187913807642223,160.0,120.0,-19.828517553395926,-14.641004715935338,0.7,0.06480019974361072,0.2956007130817411,1.8656013317759168,TRACKING
61.913947105407715,1.5944558650668976,0.5356980039703877,0.9500331502911008,1.03125,1.5,1.0,-0.5632058650668976,0.9643019960296123,0.0499668497088992,1.1178442968778248,139.277986570029,105.93038024457854,6.1800032765345225,160.0,120.0,-20.722013429971014,-14.069619755421456,0.7,0.05898536930151851,0.29757973388334413,1.8718009095651533,TRACKING
62.00731635093689,1.5912293879514892,0.5472758874749372,0.9497906418372423,1.03125,1.5,1.0,-0.5599793879514892,0.9527241125250628,0.05020935816275773,1.1062464143057409,139.06745503394657,106.54151092240379,6.213569927408267,160.0,120.0,-20.932544966053428,-13.458489077596212,0.7,0.05337319493890386,0.28857262416483054,1.8778128392352542,TRACKING
62.09985423088074,1.5878856888122883,0.5592319526558291,0.9495393712441774,1.03125,1.53125,1.0,-0.5566356888122883,0.9720180473441709,0.05046062875582258,1.1212531602973248,139.6511974566356,107.30933378413278,6.149775476580938,160.0,120.0,-20.3488025433644,-12.690666215867225,0.7,0.046602249840929574,0.26718627780687215,1.8833792200228974,TRACKING
62.198869466781616,1.5844349409313057,0.5714998761321817,0.9492894949230707,1.03125,1.5625,1.0,-0.5531849409313057,0.9910001238678183,0.05071050507692931,1.136074988592021,140.29827834681313,108.17606657821659,6.072539740167015,160.0,120.0,-19.701721653186866,-11.823933421783408,0.7,0.039395295382268034,0.24759518554429208,1.8885374530550703,TRACKING
62.29341220855713,1.5808751700556936,0.5840312459525133,0.9490427787015139,1.03125,1.59375,1.0,-0.5496251700556936,1.0097187540474866,0.05095722129848612,1.1507460311625766,140.89388092542853,109.16444327584078,5.988018970375528,160.0,120.0,-19.106119074571467,-10.835556724159218,0.7,0.031499171213543536,0.23141615457964998,1.8933586229421469,TRACKING
62.39414739608765,1.5772466136937426,0.5968042852742212,0.9487974492963909,1.03125,1.625,1.0,-0.5459966136937426,1.0281957147257788,0.05120255070360913,1.1652984300787694,141.98102260152854,109.98188812929652,5.848806845590895,160.0,120.0,-18.018977398471463,-10.018111870703478,0.7,0.026153661327525227,0.20806392765746073,1.897693288101677,TRACKING
62.50172805786133,1.573605843820058,0.609773971170351,0.9485580491594067,1.03125,1.65625,1.0,-0.542355843820058,1.046476028829649,0.05144195084059333,1.1797915979303828,143.44599980451895,111.09655972728004,5.762662021159655,160.0,120.0,-16.554000195481052,-8.903440272719962,0.7,0.017863388558979416,0.17996501187735628,1.9014425591824553,TRACKING
62.59472703933716,1.5699623947012484,0.6228841972923368,0.9483276598580164,1.03125,1.6875,1.0,-0.5387123947012484,1.0646158027076633,0.05167234014198363,1.1942729513454555,144.51489987293732,112.11276382273203,5.6386798472163004,160.0,120.0,-15.48510012706268,-7.887236177267965,0.7,0.011290889448795732,0.1614973036793984,1.9048070863424424,TRACKING
62.69207406044006,1.5663032163348167,0.6361207405105836,0.948100804288947,1.03125,1.71875,1.0,-0.5350532163348167,1.0826292594894165,0.05189919571105295,1.2087438042564225,145.38468491740926,112.77329648477581,5.549984606417219,160.0,120.0,-14.61531508259074,-7.226703515224187,0.7,0.009007827650084725,0.14799178415890252,1.9078902485124196,TRACKING
62.801002740859985,1.5626457581860769,0.6494844264511672,0.9478562344099711,1.03125,1.75,1.0,-0.5313957581860769,1.1005155735488328,0.05214376559002887,1.2232068311334676,146.67921008279063,113.28042019618339,5.437397864463856,160.0,120.0,-13.320789917209368,-6.719579803816615,0.7,-0.06554255326652238,0.12739389696166484,1.9105442880324546,TRACKING
62.916258096694946,1.5590139210689398,0.6629254792563027,0.9475787015808593,1.03125,1.78125,1.0,-0.5277639210689398,1.1183245207436974,0.05242129841914067,1.2377126009727102,148.0164865538139,114.0572731275192,5.336078989060625,160.0,120.0,-11.983513446186095,-5.9427268724808044,0.7,-0.05243404261321791,0.10721414399267355,1.9127779160323017,TRACKING
63.01610016822815,1.5553875723683424,0.6763683469756743,0.9472683598581233,1.03125,1.8125,1.0,-0.5241375723683424,1.1361316530243257,0.0527316401418767,1.25231623547889,149.23571625997903,114.91222753288747,5.270221720048525,160.0,120.0,-10.764283740020971,-5.087772467112529,0.7,-0.04194723409057433,0.09023943236931106,1.9146579042066625,TRACKING
63.114646196365356,1.5517243154392586,0.689778702714001,0.9469271902016472,1.03125,1.84375,1.0,-0.5204743154392586,1.153971297285999,0.05307280979835283,1.267028015132968,150.20321556898637,115.46794789637687,5.1492292944994364,160.0,120.0,-9.796784431013634,-4.53205210362313,0.7,-0.03355778727245946,0.07856082205931066,1.9162945879995643,TRACKING
63.228676557540894,1.5480190507339995,0.7031584578066257,0.946560988347693,1.03125,1.875,1.0,-0.5167690507339995,1.1718415421933743,0.05343901165230702,1.2818418700343035,151.53209011984114,115.82916613264496,5.070584217892529,160.0,120.0,-8.467909880158857,-4.170833867355043,0.7,-0.026846229817967575,-0.09585925013497236,1.914297520288419,TRACKING
63.33706545829773,1.5442875428416494,0.7164862017978938,0.9461774936373522,1.03125,1.90625,1.0,-0.5130375428416494,1.1897637982021063,0.05382250636264785,1.296781507451605,152.8670148889319,116.3601116269663,5.024554320296831,160.0,120.0,-7.132985111068109,-3.639888373033699,0.7,-0.021476983854374063,-0.0766874001079779,1.9126998661195032,TRACKING
63.44105553627014,1.5405215488139372,0.7297240442828182,0.9457825119557157,1.03125,1.9375,1.0,-0.5092715488139372,1.2077759557171817,0.05421748804428428,1.3118764445060098,153.83855815192683,116.9340725575281,4.943976851581307,160.0,120.0,-6.161441848073167,-3.065927442471903,0.7,-0.01718158708349925,-0.06134992008638231,1.9114217427843698,TRACKING
63.5354368686676,1.5367075735551519,0.742881952923977,0.9453821860740577,1.03125,1.96875,1.0,-0.5054575735551519,1.225868047076023,0.05461781392594234,1.3271107463600367,154.59506279875245,117.08214601798409,4.891602998953265,160.0,120.0,-5.404937201247549,-2.917853982015913,0.7,-0.0137452696667994,-0.04907993606910585,1.9103992441162632,TRACKING
63.6269748210907,1.5328615336477343,0.7559874470356626,0.9449868476568839,1.03125,2.0,1.0,-0.5016115336477343,1.2440125529643375,0.0550131523431161,1.3424633363902374,155.50409810068322,117.1207021931838,4.835401443528912,160.0,120.0,-4.495901899316777,-2.879297806816197,0.7,-0.010996215733439521,-0.03926394885528468,1.9095812451817782,TRACKING
63.72292971611023,1.5290025842067432,0.7690232605499262,0.9446024588200203,1.03125,2.03125,1.0,-0.4977525842067432,1.2622267394500737,0.05539754117997975,1.35795539854446,156.37766376544408,117.42845642556946,4.708293593056061,160.0,120.0,-3.6223362345559167,-2.5715435744305353,0.7,-0.008796972586751618,-0.03141115908422775,1.9089268460341904,TRACKING
63.82303214073181,1.5251161801986093,0.781958857483353,0.944233673542943,1.03125,2.0625,1.0,-0.4938661801986093,1.2805411425166469,0.055766326457057036,1.3736081336350334,156.79964633401326,117.62849667662014,4.696102171622304,160.0,120.0,-3.2003536659867393,-2.371503323379855,0.7,-0.007037578069401294,-0.025128927267382202,1.9084033267161198,TRACKING
63.91945481300354,1.5211817324030745,0.7948124018119915,0.9438829830992499,1.03125,2.09375,1.0,-0.4899317324030745,1.2989375981880085,0.056117016900750105,1.38939595004007,157.0447701171086,117.5835228398031,4.557908410989922,160.0,120.0,-2.9552298828913877,-2.416477160196905,0.7,-0.005630062455521036,-0.020103141813905764,1.9079845112616631,TRACKING
64.02500534057617,1.5172189144127715,0.8076222063956492,0.9435494927450084,1.03125,2.125,1.0,-0.48596891441277146,1.3173777936043507,0.056450507254991567,1.405288830321632,157.7291005761206,117.37928984587202,4.527923121905718,160.0,120.0,-2.270899423879399,-2.620710154127977,0.7,-0.004504049964416829,-0.01608251345112461,1.9076494588980983,TRACKING
64.12654709815979,1.5132612047533889,0.8203899211987588,0.9432291827862342,1.03125,2.125,1.0,-0.4820112047533889,1.3046100788012414,0.056770817213765756,1.3919645056195626,158.08126705904868,117.38036255753165,4.539604125079171,160.0,120.0,-1.9187329409513154,-2.6196374424683455,0.7,-0.003603239971533463,-0.01286601076089969,1.9073814170072465,TRACKING
64.23578023910522,1.5092935847562392,0.8331054218742877,0.9429264828787302,1.03125,2.125,1.0,-0.4780435847562392,1.2918945781257123,0.057073517121269846,1.378685843937552,158.05282358838164,117.24723566239558,4.516025336063729,160.0,120.0,-1.9471764116183579,-2.752764337604418,0.7,-0.0028825919772267707,-0.010292808608719752,1.907166983494565,TRACKING
64.33033490180969,1.5052778264224977,0.8458012712974018,0.9426436031512797,1.03125,2.09375,1.0,-0.47402782642249774,1.2479487287025983,0.05735639684872029,1.3361766971298132,157.68433533244806,116.81070318055713,4.500699123203692,160.0,120.0,-2.3156646675519426,-3.1892968194428732,0.7,-0.0023060735817814165,-0.008234246886975802,1.9069954366844195,TRACKING
64.4228744506836,1.5012200133653488,0.8585300025859686,0.9423753922831364,1.03125,2.0625,1.0,-0.4699700133653488,1.2039699974140314,0.05762460771686362,1.2937295557999329,157.56981949197015,116.17695706736214,4.603470973470767,160.0,120.0,-2.4301805080298493,-3.823042932637861,0.7,-0.0018448588654251333,-0.0065873975095806425,1.9068581992363036,TRACKING
64.52874660491943,1.4971505436816894,0.8712974630770545,0.942117152850824,1.03125,2.03125,1.0,-0.4659005436816894,1.1599525369229455,0.05788284714917602,1.251360710790844,157.3703826697806,115.94002209378539,4.715841309223894,160.0,120.0,-2.6296173302193893,-4.059977906214613,0.7,-0.0014758870923401066,-0.005269918007664514,1.9067484092778102,TRACKING
64.62888169288635,1.493057168751291,0.884082530908463,0.9418664204181085,1.03125,2.0,1.0,-0.461807168751291,1.115917469091537,0.05813357958189147,1.2090976685151404,156.7157487353574,115.78601436096051,4.867067228154649,160.0,120.0,-3.2842512646425917,-4.2139856390394925,0.7,-0.0011807096738720854,-0.004215934406131612,1.9066605773110155,TRACKING
64.72841358184814,1.4889053001455232,0.8969043358643771,0.9416162332869017,1.03125,1.96875,1.0,-0.45765530014552325,1.0718456641356229,0.058383766713098306,1.1669233761019757,155.9402366779823,115.33590933462432,4.965364075459641,160.0,120.0,-4.059763322017687,-4.6640906653756815,0.7,-0.0009445677390976683,-0.0033727475249052895,1.9065903117375802,TRACKING
64.82478713989258,1.4847038058367843,0.9098026160507465,0.9413658346394521,1.03125,1.9375,1.0,-0.4534538058367843,1.0276973839492536,0.058634165360547885,1.124820088881565,155.2611538406885,114.86834106750581,5.268354788315735,160.0,120.0,-4.738846159311493,-5.13165893249419,0.7,-0.0007556541912781346,-0.0026981980199242317,1.906534099278832,TRACKING
64.9286458492279,1.4804857388166053,0.9227711749675938,0.9411164576609486,1.03125,1.90625,1.0,-0.4492357388166053,0.9834788250324062,0.058883542339051353,1.082825295177213,154.62004449107644,114.67354034622252,5.489843205293106,160.0,120.0,-5.379955508923558,-5.326459653777476,0.7,-0.0006045233530225078,-0.0021585584159393855,1.906489129311833,TRACKING
65.01957154273987,1.4762416908665528,0.9357767380371094,0.9408676562322026,1.03125,1.875,1.0,-0.44499169086655277,0.9392232619628906,0.05913234376779741,1.0409873077189555,153.435722400645,114.64741616950265,5.753789390317655,160.0,120.0,-6.564277599354995,-5.352583830497352,0.7,-0.0004836186824180062,-0.0017268467327515085,1.9064531533382336,TRACKING
65.11710548400879,1.471939738709556,0.9488263502518168,0.9406187154035754,1.03125,1.84375,1.0,-0.4406897387095561,0.8949236497481832,0.059381284596424555,0.9993107232702084,152.05821956041925,114.36248806693942,5.9612644447633,160.0,120.0,-7.941780439580754,-5.63751193306058,0.7,-0.00038689494593440506,-0.0013814773862012067,1.9064243725593544,TRACKING
65.2227578163147,1.4675917454517537,0.9619483850703918,0.9403657435492777,1.03125,1.8125,1.0,-0.43634174545175375,0.8505516149296082,0.05963425645072229,0.9578039533357952,150.9003427142725,114.06061724351062,6.230866467648391,160.0,120.0,-9.099657285727488,-5.93938275648938,0.7,-0.00030951595674752404,-0.0011051819089609655,1.9064013479362512,TRACKING
65.33565497398376,1.463228583127835,0.9751443048691077,0.9401084432535675,1.03125,1.78125,1.0,-0.4319785831278351,0.8061056951308923,0.05989155674643254,0.9165145315667952,149.71022276427715,113.8644012082819,6.537315558593342,160.0,120.0,-10.289777235722852,-6.135598791718095,0.7,-0.00024761276539801924,0.18896224447191784,1.910338061362749,TRACKING
65.44243168830872,1.458832231341199,0.9884118383106809,0.939846279881928,1.03125,1.75,1.0,-0.427582231341199,0.7615881616893191,0.06015372011807196,0.8754779052769284,148.06164479678014,113.56186078538323,6.914810780962869,160.0,120.0,-11.938355203219857,-6.438139214616768,0.7,-0.00019809021231841542,0.20473805785823043,1.914603437568129,TRACKING
65.54996967315674,1.4543698872824677,1.001772713298368,0.9395787213795533,1.03125,1.71875,1.0,-0.42311988728246774,0.716977286701632,0.06042127862044666,0.8347080924311756,146.1150691179071,113.01520951049909,7.321873625896739,160.0,120.0,-13.884930882092902,-6.984790489500909,0.6877872979731652,-0.00015847216985473235,0.22656606676903673,1.9193235639591508,TRACKING
65.65575432777405,1.4498622210253893,1.0152468647683786,0.9393207890918308,1.03125,1.6875,1.0,-0.4186122210253893,0.6722531352316214,0.06067921090816919,0.7942559008638161,144.37252365588768,112.70761224078437,7.703510545202631,160.0,120.0,-15.627476344112324,-7.292387759215629,0.6663097154188561,0.07996794781950121,0.24464391167419672,1.9244203121190298,TRACKING
65.74829125404358,1.4453472211603793,1.028834557586235,0.9390926367474125,1.03125,1.65625,1.0,-0.4140972211603793,0.627415442413765,0.0609073632525875,0.7542124056593018,142.63960970616097,112.35180128902937,8.225462320079952,160.0,120.0,-17.360390293839032,-7.648198710970632,0.6307689900873821,0.07456703732165776,0.2628492134860679,1.92989633739999,TRACKING
65.85154962539673,1.4408097792437486,1.0425436049684116,0.9389133229709835,1.03125,1.625,1.0,-0.40955977924374865,0.5824563950315884,0.06108667702901649,0.7146511365679266,140.49074630900463,111.9190562748808,8.777825303584196,160.0,120.0,-19.509253690995365,-8.080943725119198,0.5952827742735718,0.07141746141444769,0.2889867786275265,1.935916895288063,TRACKING
65.95977592468262,1.436227981136626,1.0563819671867756,0.9387869517868097,1.03125,1.59375,1.0,-0.4049779811366261,0.5373680328132244,0.06121304821319029,0.6756616055146263,138.043985100853,111.42238657867252,9.384785809130875,160.0,120.0,-21.956014899146993,-8.577613421327484,0.5569232577736491,0.06999658970960511,0.32022798799715835,1.9425883117046707,TRACKING
66.06983685493469,1.4316307610000774,1.0703207453019223,0.9387189563069163,1.03125,1.5625,1.0,-0.40038076100007736,0.49217925469807766,0.06128104369308374,0.6374170839021103,135.92859031555446,111.27455127613713,10.013264758097545,160.0,120.0,-24.07140968444554,-8.725448723862868,0.5195811590605296,0.06548380847674792,0.34461245770956556,1.949767737906953,TRACKING
66.17639756202698,1.427041010340835,1.0843183504057428,0.9387134111124912,1.03125,1.53125,1.0,-0.3957910103408351,0.44693164959425724,0.06128658888750882,0.600128710572265,133.48836840359672,111.52845832948913,10.751579350987893,160.0,120.0,-26.511631596403276,-8.471541670510874,0.4730285024566,0.05759662897562322,0.37487273223327516,1.9575775864951463,TRACKING
66.2699408531189,1.4224206177506629,1.0983596084666711,0.9387683693057882,1.03125,1.5,1.0,-0.39117061775066286,0.40164039153332887,0.06123163069421178,0.56398472399521,130.22944622198142,111.42479750523239,11.666280837251627,160.0,120.0,-29.77055377801858,-8.575202494767609,0.0,0.05498142443155335,0.4196764711293299,1.9663208463103405,TRACKING
66.3658013343811,1.4177264684571038,1.1124325359382976,0.938881702357666,1.03125,1.46875,1.0,-0.3864764684571038,0.3563174640617024,0.06111829764233401,0.5292085053862364,126.20649172885824,110.9775881812575,12.856779682046199,160.0,120.0,-33.79350827114176,-9.022411818742498,0.0,0.05675759090710386,0.4769484333021283,1.9762572720041351,TRACKING
66.46183037757874,1.412984741442148,1.126495149566038,0.9390540393100434,1.03125,1.4375,1.0,-0.3817347414421479,0.311004850433962,0.06094596068995661,0.49614497875296115,122.02270228977349,110.84582431610839,14.183383271906688,160.0,120.0,-37.97729771022651,-9.154175683891609,0.0,0.05512382334508478,0.5347850554028853,1.9873986273250281,TRACKING
66.56030368804932,1.4082376227500706,1.1404993862527633,0.9392848320351646,1.03125,1.40625,1.0,-0.3769876227500706,0.26575061374723674,0.06071516796483545,0.46521972016970725,117.05350542023754,110.72369098735523,15.865685027618253,160.0,120.0,-42.94649457976246,-9.276309012644774,0.0,0.05383181744710739,0.6049586464132561,2.0000019324586376,TRACKING
66.65693044662476,1.4034701789769195,1.1544147909235563,0.9395738991248456,1.03125,1.375,1.0,-0.3722201789769195,0.22058520907644374,0.06042610087515443,0.4368718459318278,110.36423866719736,110.11834569024282,18.159543755805867,160.0,120.0,-49.635761332802645,-9.881654309757181,0.0,0.05821744639922824,0.7040135015286619,2.014668880407152,TRACKING
66.75847125053406,1.398665044516244,1.1682036290818543,0.9399216816326155,1.03125,1.375,1.0,-0.36741504451624407,0.20679637091814573,0.06007831836738453,0.4258731716129131,105.13096404175934,109.75865840227111,20.122086085927137,160.0,120.0,-54.86903595824066,-10.24134159772889,0.0,0.05958270561621595,0.7714451810610667,2.0307406550125915,TRACKING
66.85954189300537,1.3938756043751586,1.181799640345983,0.940324237943458,1.03125,1.375,1.0,-0.36262560437515856,0.19320035965401705,0.059675762056542014,0.4151926113214439,101.42403348749514,110.3727635815934,21.684612322582375,160.0,120.0,-58.57596651250486,-9.627236418406596,0.0,0.050309139071334365,0.8090043444810695,2.0475949121892807,TRACKING
66.96362900733948,1.3891712930108404,1.195132869200134,0.9407719247346809,1.03125,1.375,1.0,-0.3579212930108404,0.17986713079986605,0.05922807526531915,0.4049293785740451,98.59944035512868,111.74595157095564,22.818078167912187,160.0,120.0,-61.40055964487132,-8.25404842904436,0.0,0.03399009655744499,0.8311131435301528,2.0649097693461584,TRACKING
67.05845999717712,1.3845600903208826,1.2081577726876795,0.9412606203387708,1.03125,1.375,1.0,-0.35331009032088256,0.16684222731232046,0.05873937966122922,0.39511348174932254,95.8850902561022,112.46850385132136,24.103027759979106,160.0,120.0,-64.1149097438978,-7.531496148678642,0.0,0.02682225575989651,0.8531215333521212,2.082683134624327,TRACKING
67.15301752090454,1.3800419848267294,1.2208346062492892,0.9417559878629155,1.03125,1.375,1.0,-0.34879198482672935,0.1541653937507108,0.05824401213708452,0.3857657090249287,93.47530866646643,112.82952750335888,25.543268188181976,160.0,120.0,-66.52469133353357,-7.170472496641125,0.0,-0.05435925662211446,0.871216243934247,2.100833473039624,TRACKING
67.24853754043579,1.3756739925956614,1.2331040490766982,0.9422296332467237,1.03125,1.375,1.0,-0.34442399259566137,0.14189595092330176,0.05777036675327629,0.3769612219297528,91.87846662441412,113.95387145079167,26.530773438834395,160.0,120.0,-68.12153337558588,-6.046128549208333,0.0,-0.043487405297691566,0.8761152863237134,2.119085874838035,TRACKING
67.35171508789062,1.3715123229554358,1.24490732850463,0.9426681357894671,1.03125,1.375,1.0,-0.3402623229554358,0.13009267149537007,0.057331864210532935,0.3687675341643927,90.69250789876469,114.87447506117864,27.642495048627364,160.0,120.0,-69.30749210123531,-5.125524938821357,0.0,-0.03478992423815326,0.8760466176422709,2.1373368460389157,TRACKING
67.45380187034607,1.367551105182129,1.2562058321588259,0.9430611566881251,1.03125,1.375,1.0,-0.33630110518212897,0.11879416784117414,0.05693884331187493,0.36118211408857537,88.70013013419704,115.44340878976612,28.9313753864967,160.0,120.0,-71.29986986580296,-4.556591210233876,0.0,-0.027831939390522607,0.8935385210978692,2.155952231895121,TRACKING
67.56135749816895,1.363775704734604,1.2669679289505926,0.9434033461276746,1.03125,1.375,1.0,-0.33252570473460397,0.10803207104940737,0.056596653872325375,0.3541856207047556,86.35508458722808,115.63821571334798,30.439967365480666,160.0,120.0,-73.64491541277192,-4.361784286652025,0.0,-0.02226555151241809,0.9185216144179293,2.1750880988621617,TRACKING
67.65128970146179,1.3602255642715004,1.2771692643230357,0.9436943462478625,1.03125,1.375,1.0,-0.32897556427150043,0.09783073567696432,0.056305653752137474,0.34780181335827415,84.83080498169825,115.93984021367618,31.748898785731377,160.0,120.0,-75.16919501830175,-4.060159786323823,0.0,-0.01781244120993447,0.9286413099351056,2.194434792819143,TRACKING
67.74704933166504,1.3569375992084658,1.2868099291851662,0.9439295554948186,1.03125,1.375,1.0,-0.3256875992084658,0.08819007081483377,0.056070444505181394,0.34204355806754827,83.49002323810386,116.31089613888952,32.96655906729278,160.0,120.0,-76.50997676189614,-3.689103861110482,0.0,-0.014249952967947578,0.9367811599085799,2.2139510669839044,TRACKING
67.85014128684998,1.3538959428568997,1.2958869652818157,0.9441188587001829,1.03125,1.375,1.0,-0.32264594285689974,0.07911303471818432,0.05588114129981714,0.3368708634733918,81.74351510476751,115.85208249027819,34.27978183398689,160.0,120.0,-78.25648489523249,-4.1479175097218075,0.0,-0.011399962374358062,0.9537954507011859,2.2338218055401793,TRACKING
67.9592182636261,1.3510904794084464,1.3043770831917536,0.9442692148052418,1.03125,1.375,1.0,-0.3198404794084464,0.0706229168082464,0.05573078519475816,0.33225208662272326,79.90828481809888,115.72885361868083,35.547308669691574,160.0,120.0,-80.09171518190112,-4.27114638131917,0.0,-0.00911996989948645,0.9729734503642581,2.254092085756101,TRACKING
68.05681848526001,1.3485536599734356,1.3122775889722178,0.9443803330011754,1.03125,1.375,1.0,-0.31730365997343557,0.0627224110277822,0.05561966699882459,0.3281908908466775,79.06538513176427,115.82375485214254,36.34693754020675,160.0,120.0,-80.93461486823573,-4.176245147857458,0.0,-0.007295975919589161,0.9741366186635576,2.2743865986449254,TRACKING
68.16310381889343,1.3462948288065284,1.3196255533623646,0.9444592792513535,1.03125,1.375,1.0,-0.3150448288065284,0.055374446637635355,0.055540720748646466,0.3246603535380294,78.86750033564678,115.53544065389265,36.86669630604162,160.0,120.0,-81.13249966435322,-4.46455934610735,0.0,-0.005836780735671329,0.9650631528727442,2.2944920809964415,TRACKING
68.26136827468872,1.344280150584518,1.3264333688492285,0.9445105967547028,1.03125,1.375,1.0,-0.3130301505845181,0.04856663115077153,0.055489403245297164,0.3215986111736498,78.0388752181704,114.99803642503022,37.60104257085088,160.0,120.0,-81.9611247818296,-5.001963574969778,0.0,-0.004669424588537064,0.9698867799604292,2.3146980555789503,TRACKING
68.35089635848999,1.3424919899556098,1.3326773945190613,0.9445347558403288,1.0,1.375,1.0,-0.3424919899556098,0.04232260548093869,0.055465244159671245,0.3495259066623541,76.80026889181076,114.64872367626964,37.33501818618979,160.0,120.0,-83.19973110818924,-5.35127632373036,0.0,-0.003735539670829651,0.9831742414487956,2.3351808522757995,TRACKING
68.45043015480042,1.3409465936823688,1.338368544615701,0.9445341984384835,0.96875,1.375,1.0,-0.3721965936823688,0.036631455384299016,0.05546580156151648,0.37808547051585006,76.54403914430102,114.77167038957526,35.926027316323655,160.0,120.0,-83.45596085569898,-5.228329610424737,0.0,-0.002988431736663721,0.9784662269940169,2.355565565338175,TRACKING
68.5626802444458,1.3396347412568554,1.3435583799242277,0.944517877784144,0.9375,1.375,1.0,-0.40213474125685544,0.031441620075772336,0.05548212221585602,0.40715990898451987,76.87862544379567,115.02658575322393,34.09700948000613,160.0,120.0,-83.12137455620433,-4.973414246776073,0.0,-0.002390745389330977,0.96437577629486,2.3756567273443174,TRACKING
68.66508340835571,1.3385063698738824,1.3482696496122564,0.9444916427823095,0.90625,1.375,1.0,-0.4322563698738824,0.02673035038774363,0.05550835721769054,0.43662484886845926,76.80137082069375,114.84228073959554,32.26788089573812,160.0,120.0,-83.19862917930625,-5.157719260404463,0.0,-0.0019125963114647816,0.959949061583578,2.3956556661273085,TRACKING
68.76162028312683,1.3375348210962963,1.3524862774449233,0.9444534220715112,0.875,1.375,1.0,-0.4625348210962963,0.022513722555076665,0.05554657792848883,0.46640191975316253,77.07230552319703,114.72248248073709,30.355892716201943,160.0,120.0,-82.92769447680297,-5.277517519262915,0.0,-0.0015300770491718252,0.9501574196591158,2.415450612370207,TRACKING
68.85724639892578,1.3367299946209865,1.3562236986678886,0.9444044115228244,0.875,1.375,1.0,-0.4617299946209865,0.01877630133211139,0.055595588477175606,0.46544388156096106,78.44699859007807,114.8196136124791,28.891741528043468,160.0,120.0,-81.55300140992193,-5.1803863875208975,0.0,-0.0012240616393374602,0.9213501612161442,2.434645407395543,TRACKING
68.9587824344635,1.3360740023105029,1.359535723927086,0.9443513486061619,0.875,1.375,1.0,-0.4610740023105029,0.015464276072914007,0.05564865139383812,0.464677470771973,80.39054908355075,114.35774884811141,27.615000435763655,160.0,120.0,-79.60945091644925,-5.642251151888587,0.0,-0.0009792493114699683,0.8847158755406689,2.4530769881359733,TRACKING
69.05997943878174,1.3355187475921135,1.362454003434067,0.9442992330954152,0.875,1.375,1.0,-0.46051874759211353,0.012545996565932915,0.05570076690458481,0.4640447115821923,81.82885690430798,113.70753675127241,26.668228199963906,160.0,120.0,-78.17114309569202,-6.292463248727586,0.0,-0.0007833994491759747,0.8603571857015748,2.471001096171422,TRACKING
69.15503931045532,1.3350495630567738,1.3649884163563388,0.9442465865775785,0.875,1.375,1.0,-0.4600495630567738,0.01001158364366117,0.05575341342242146,0.4635237592443714,83.11375698780019,113.10989888832708,26.0229170174155,160.0,120.0,-76.88624301219981,-6.890101111672919,0.0,-0.0006267195593407797,0.8404644139861358,2.4885107714628,TRACKING
69.24358177185059,1.3346807514535348,1.36718685591365,0.9441982288464493,0.84375,1.375,1.0,-0.4909307514535348,0.007813144086350032,0.05580177115355067,0.49415370645895157,85.17394204207012,113.2464342774126,24.711764767069585,160.0,120.0,-74.82605795792988,-6.753565722587396,0.0,-0.0005013756474726238,0.8073551637150779,2.505330670706864,TRACKING
69.34840750694275,1.3343923156000164,1.3691321326209511,0.9441633508966867,0.8125,1.375,1.0,-0.5218923156000164,0.0058678673790488745,0.05583664910331332,0.5249035647935836,87.38806232734558,113.3351822803182,23.290838569695083,160.0,120.0,-72.61193767265442,-6.664817719681807,0.0,-0.0004011005179780991,0.7733922421140724,2.5214430090842406,TRACKING
69.43957138061523,1.3341279465767233,1.3708719398774805,0.9441443399001435,0.78125,1.375,1.0,-0.5528779465767233,0.004128060122519539,0.05585566009985654,0.5557075844870754,89.00224051277462,113.04286848220683,21.846398852955613,160.0,120.0,-70.99775948722538,-6.957131517793172,0.0,-0.0003208804143824793,0.7523090659335645,2.5371161146245234,TRACKING
69.53047466278076,1.3338665774396579,1.3724145449452192,0.9441369417024787,0.75,1.375,1.0,-0.5838665774396579,0.0025854550547808053,0.05586305829752125,0.5865386143394931,90.5764563333035,112.85286451343444,20.44649313961402,160.0,120.0,-69.4235436666965,-7.14713548656556,0.0,-0.0002567043315059835,0.732547929704351,2.552377529826698,TRACKING
69.62900280952454,1.3336255829943473,1.3737995745183538,0.9441385587783596,0.71875,1.375,1.0,-0.6148755829943473,0.0012004254816462279,0.055861441221640384,0.6174090412354959,92.82469661664727,112.90436193373239,18.98784226773886,160.0,120.0,-67.17530338335273,-7.095638066267611,0.0,-0.0002053634652047868,0.7007612837858552,2.566976723238904,TRACKING
69.72475099563599,1.3333887742612016,1.3750996586305038,0.9441501693813932,0.6875,1.375,1.0,-0.6458887742612016,-9.965863050376278e-05,0.05584983061860682,0.648298945108356,95.1349881188139,112.8708136962571,17.56406679242015,160.0,120.0,-64.8650118811861,-7.129186303742898,0.0,-0.00016429077216382945,0.6691285814262538,2.5809169020186173,TRACKING
69.82180571556091,1.333106504585979,1.3763498222191854,0.9441912723144787,0.6875,1.375,1.0,-0.6456065045859789,-0.001349822219185448,0.05580872768552125,0.6480155822737796,96.83774227722904,112.56602890256713,16.713139472583475,160.0,120.0,-63.16225772277096,-7.433971097432874,0.0,0.08151834993574,0.6498333276509122,2.594455096344678,TRACKING
69.91812133789062,1.3327668163963762,1.3775478461378592,0.944275666607259,0.6875,1.375,1.0,-0.6452668163963762,-0.002547846137859189,0.055724333392740966,0.6476734958251126,98.4628434085436,112.0502426239489,16.04616194547882,160.0,120.0,-61.537156591456394,-7.949757376051096,0.0,0.07769420608139561,0.6319986261242108,2.607621734388932,TRACKING
70.00885653495789,1.3323883931055704,1.3787184016951886,0.9444182659738757,0.6875,1.375,1.0,-0.6448883931055704,-0.0037184016951885557,0.05558173402612432,0.647289885005785,100.40084821555334,112.03265770556678,15.441277838032303,160.0,120.0,-59.59915178444666,-7.967342294433223,0.0,0.06963578348006036,0.6083013145408158,2.6202946784418657,TRACKING
70.10314536094666,1.331949365793623,1.379906309233707,0.944626488081239,0.6875,1.375,1.0,-0.644449365793623,-0.00490630923370694,0.055373511918761054,0.6468425486656832,102.08126590920146,112.02908349616723,14.980656030359423,160.0,120.0,-57.91873409079854,-7.970916503832768,0.0,0.06305128062051708,0.5897354366998497,2.6325808333731127,TRACKING
70.19646501541138,1.3313995593835362,1.381113601937485,0.9448975063985947,0.6875,1.375,1.0,-0.6438995593835362,-0.006113601937485003,0.05510249360140529,0.6462819071458329,103.13522945719188,111.6689042725087,14.719293447016339,160.0,120.0,-56.86477054280812,-8.331095727491302,0.0,0.061703666431443274,0.5826598736037534,2.6447195807398574,TRACKING
70.2909939289093,1.3307299315616175,1.3823070651813254,0.9452287680332618,0.6875,1.375,1.0,-0.6432299315616175,-0.007307065181325401,0.054771231966738165,0.6455989667816092,104.13789914717472,110.97541277713066,14.533971499990551,160.0,120.0,-55.86210085282528,-9.024587222869343,0.0,0.06461661915292378,0.5755743768241376,2.6567107135903605,TRACKING
70.37578535079956,1.3299675692224833,1.3834902032024894,0.9456164729250965,0.6875,1.375,1.0,-0.6424675692224833,-0.008490203202489388,0.05438352707490346,0.6448210829913773,105.48963444566357,111.15901830513494,14.375161223147543,160.0,120.0,-54.51036555433643,-8.840981694865064,0.0,0.05794923289405561,0.5612097121210476,2.6684025825928828,TRACKING
70.47688102722168,1.3291040085904413,1.3846967914311352,0.9460525825613828,0.6875,1.375,1.0,-0.6416040085904413,-0.009696791431135221,0.053947417438617196,0.6439410341418526,106.89326238968133,111.27836189833772,14.14922545964246,160.0,120.0,-53.106737610318675,-8.721638101662279,0.0,0.053152829070193544,0.5457191566269675,2.6797717316892777,TRACKING
70.57641649246216,1.328102392034766,1.385920016538103,0.9465311287687177,0.6875,1.375,1.0,-0.6406023920347661,-0.010920016538102928,0.0534688712312823,0.6429226949117631,107.84311940888368,110.92781061538923,13.980450490112814,160.0,120.0,-52.15688059111632,-9.072189384610766,0.0,0.05436731977372947,0.5385406229205076,2.6909913280001216,TRACKING
70.66942977905273,1.3269678413626904,1.3871201653660317,0.9470492086352581,0.6875,1.375,1.0,-0.6394678413626904,-0.012120165366031665,0.0529507913647419,0.6417708351520123,108.67008533977342,110.86042858457331,13.807490639236782,160.0,120.0,-51.32991466022658,-9.139571415426687,0.0,0.052550108726671645,0.532927958241502,2.7020939937968196,TRACKING
70.7659924030304,1.3257397434086573,1.3882958502829004,0.9476037470486164,0.6875,1.375,1.0,-0.6382397434086573,-0.013295850282900368,0.052396252951383615,0.640524876194859,110.01055547085272,111.08427857997265,13.624769399588992,160.0,120.0,-49.98944452914728,-8.915721420027353,0.0,0.04795940832934242,0.5171030006602984,2.712866972977242,TRACKING
70.86039066314697,1.3244206356996369,1.3894746971986471,0.9481889282648543,0.6875,1.375,1.0,-0.6369206356996369,-0.014474697198647135,0.05181107173514565,0.6391883917855254,111.45848039504352,111.32042934663555,13.422385195410945,160.0,120.0,-48.54151960495648,-8.67957065336445,0.0,0.043946548711318145,0.4994444358674997,2.723272065391148,TRACKING
70.96449422836304,1.3229865808089505,1.3906430067901545,0.9487978929727138,0.6875,1.375,1.0,-0.6354865808089505,-0.015643006790154512,0.051202107027286226,0.6377378409767773,112.43337869659763,111.35340122191954,13.279996429568385,160.0,120.0,-47.56662130340237,-8.64659877808046,0.0,0.04275137097110277,0.4907870941414786,2.7334967965190957,TRACKING
71.06352186203003,1.3214568314955062,1.391756308093891,0.9494270836602285,0.6875,1.375,1.0,-0.6339568314955062,-0.01675630809389106,0.050572916339771457,0.636191526136484,113.31804296980506,111.46924898699672,13.267092417226042,160.0,120.0,-46.68195703019494,-8.530751013003282,0.0,0.04085475103702497,0.4833325174051612,2.7435662239650362,TRACKING
71.1518406867981,1.3198828439811825,1.3928100193596433,0.9500732398726821,0.65625,1.375,1.0,-0.6636328439811825,-0.017810019359643325,0.04992676012731789,0.66574652066455,114.6067279303733,112.35501184154788,12.881579021468532,160.0,120.0,-45.393272069626704,-7.644988158452122,0.0,0.030775027239052736,0.46792417971958356,2.7533146443758607,TRACKING
71.24788284301758,1.3182783825199784,1.3938273115843767,0.9507099646178878,0.625,1.375,1.0,-0.6932783825199784,-0.01882731158437667,0.049290035382112185,0.6952833170147135,116.14437315474265,112.93075769700613,12.363675444231035,160.0,120.0,-43.85562684525735,-7.069242302993871,0.0,-0.05233952567050918,0.4481046515427124,2.7626501579496674,TRACKING
71.34471678733826,1.3166334203907002,1.3947912598150156,0.9513083163396509,0.59375,1.375,1.0,-0.7228834203907002,-0.019791259815015616,0.04869168366034915,0.7247917035248835,117.27627548820479,113.32391149414286,11.82286689061785,160.0,120.0,-42.72372451179521,-6.6760885058571375,0.0,-0.04187162053640735,0.4362752835836225,2.77173922635766,TRACKING
71.43524718284607,1.3149820750604908,1.3956586463745193,0.9518557202609287,0.5625,1.375,1.0,-0.7524820750604908,-0.020658646374519307,0.048144279739071316,0.7543036024234296,118.25721120844639,113.91054247119287,11.312548644306876,160.0,120.0,-41.74278879155361,-6.089457528807131,0.0,-0.033497296429125877,0.4270503429799797,2.780636108503076,TRACKING
71.53378677368164,1.313388028716075,1.3964268948260772,0.9523496733138954,0.5625,1.375,1.0,-0.7508880287160751,-0.02142689482607718,0.04765032668610458,0.7527034589559778,119.54876496798528,114.99185260627536,10.94057183715274,160.0,120.0,-40.45123503201472,-5.0081473937246415,0.0,-0.026797837143300703,0.4117323823014868,2.7892138664676907,TRACKING
71.63025546073914,1.311876357171414,1.3971191794047102,0.9527901023750494,0.5625,1.375,1.0,-0.749376357171414,-0.0221191794047102,0.04720989762495065,0.7511876977286002,121.01919722919044,115.69470419407898,10.638644347728993,160.0,120.0,-38.98080277080956,-4.30529580592102,0.0,-0.02143826971464056,0.39327170944398737,2.797407027081107,TRACKING
71.71780061721802,1.3104424340019298,1.3977229535805311,0.9531788197317499,0.5625,1.375,1.0,-0.7479424340019298,-0.022722953580531113,0.04682118026825011,0.7497509187202548,121.97497819897379,116.15155772615134,10.442391479603558,160.0,120.0,-38.02502180102621,-3.8484422738486614,0.0,-0.01715061577171245,0.38469001489700866,2.8054214023914614,TRACKING
71.81433463096619,1.3091034343454917,1.398211833192822,0.9535159617177567,0.5625,1.375,1.0,-0.7466034343454917,-0.02321183319282194,0.046484038282243345,0.7484091415740988,122.79697206590524,116.74704271914193,10.31848607757178,160.0,120.0,-37.20302793409476,-3.2529572808580696,0.0,-0.013720492617369962,0.37814252412503063,2.8132993716440664,TRACKING
71.91342759132385,1.3078857981371066,1.3986073880582641,0.9538113579679416,0.5625,1.375,1.0,-0.7453857981371066,-0.023607388058264123,0.04618864203205841,0.7471885220532972,123.8402543617593,117.36057776744225,10.169308812360134,160.0,120.0,-36.15974563824069,-2.6394222325577488,0.0,-0.01097639409389597,0.36697227379323016,2.8209446273480925,TRACKING
72.00967335700989,1.3067805763502616,1.3989525254655366,0.9540758419594213,0.5625,1.375,1.0,-0.7442805763502616,-0.02395252546553661,0.0459241580405787,0.7460806445017796,124.87212625738476,117.44302918958454,10.071101572226592,160.0,120.0,-35.127873742615236,-2.5569708104154643,0.0,-0.008781115275116776,0.355899210246336,2.8283591942282245,TRACKING
72.10572695732117,1.3057664347489877,1.3992433263544188,0.9543136947021174,0.5625,1.375,1.0,-0.7432664347489877,-0.024243326354418837,0.045686305297882646,0.7450637357897439,125.43869908390165,117.58705993087155,10.02115903990688,160.0,120.0,-34.56130091609835,-2.412940069128453,0.0,-0.0070248922200934205,0.35330381546871653,2.835719690383822,TRACKING
72.20085215568542,1.304868681546345,1.3994507787274792,0.9545262041193886,0.5625,1.375,1.0,-0.742368681546345,-0.02445077872747925,0.0454737958806114,0.7441619219182277,125.75182196129876,117.9065889550665,10.00843616478835,160.0,120.0,-34.24817803870124,-2.0934110449335037,0.0,-0.005619913776074736,0.3546288623482179,2.843107791682744,TRACKING
72.29538774490356,1.3041392961746487,1.399588272224075,0.95471461835789,0.5625,1.375,1.0,-0.7416392961746487,-0.024588272224074892,0.045285381642110045,0.7434273297047029,126.45687999933149,118.47463819799049,9.965382789567872,160.0,120.0,-33.54312000066851,-1.5253618020095132,0.0,-0.0044959310208597895,0.34775316966394815,2.8503526493840763,TRACKING
72.38692021369934,1.3035882555314746,1.3996922927661166,0.9548766302186869,0.5625,1.375,1.0,-0.7410882555314746,-0.02469229276611662,0.04512336978131315,0.742871207080442,127.26859904424322,118.84425205708737,9.934332271165895,160.0,120.0,-32.73140095575678,-1.155747942912626,0.0,-0.0035967448166878313,0.3386983393540413,2.857408864787285,TRACKING
72.4824709892273,1.3031812796567346,1.39976519398295,0.9550206404833467,0.5625,1.375,1.0,-0.7406812796567346,-0.024765193982950073,0.04497935951665333,0.7424588982896491,127.72356322519364,118.85800990033921,9.909213406677754,160.0,120.0,-32.276436774806356,-1.141990099660788,0.0,-0.0028773958533502655,0.3362102344951505,2.8644132446726003,TRACKING
72.57599186897278,1.3028995059137847,1.399797939561521,0.9551526632720645,0.5625,1.375,1.0,-0.7403995059137847,-0.024797939561520987,0.044847336727935505,0.7421709033473773,128.0919431410536,118.74344366361404,9.897819835785242,160.0,120.0,-31.908056858946395,-1.2565563363859553,0.0,-0.0023019166826802125,0.3347935608918184,2.8713881105245136,TRACKING
72.6755154132843,1.3027506712248311,1.3998243405948543,0.9552732805014112,0.5625,1.375,1.0,-0.7402506712248311,-0.024824340594854277,0.04472671949858875,0.7420160264926141,128.97160767669462,118.65823838134912,9.836203828700471,160.0,120.0,-31.028392323305383,-1.341761618650878,0.0,-0.00184153334614417,0.32339816596350746,2.8781255723154207,TRACKING
72.77706098556519,1.3027094034021331,1.3998960651332049,0.9553853864530988,0.5625,1.375,1.0,-0.7402094034021331,-0.02489606513320486,0.044614613546901216,0.7419705106579358,130.0315449898515,118.42785494787692,9.713958952736117,160.0,120.0,-29.96845501014849,-1.5721450521230764,0.0,-0.001473226676915336,0.30897657207049833,2.8845625842335565,TRACKING
72.88756108283997,1.3027359068267825,1.400018175378174,0.9554910226766127,0.5625,1.375,1.0,-0.7402359068267825,-0.025018175378173968,0.04450897732338732,0.7419947142111566,130.72050424340347,117.92810571612,9.634499783359287,160.0,120.0,-29.279495756596532,-2.071894283879999,0.0,-0.0011785813415322688,0.3018989832011992,2.8908521463835815,TRACKING
72.99863386154175,1.3028380344184094,1.4001727709519365,0.9555874027765984,0.59375,1.375,1.0,-0.7090880344184094,-0.025172770951936485,0.04441259722340163,0.7109233346464935,131.1933269952728,117.72826757106883,9.784709414618717,160.0,120.0,-28.8066730047272,-2.2717324289311733,0.0,-0.0009428650732258151,0.29867447224131244,2.897074531221942,TRACKING
73.10922527313232,1.3030440057335209,1.4003752005942758,0.9556770942782271,0.625,1.375,1.0,-0.6780440057335209,-0.025375200594275782,0.04432290572177289,0.6799647744464266,132.03975022392927,117.8544640853793,10.015927837794402,160.0,120.0,-27.960249776070725,-2.1455359146206945,0.5954075856833971,-0.0007542920585806522,0.2881380834849742,2.903077407961212,TRACKING
73.21676230430603,1.3033338201745592,1.4006469823558403,0.9557631594225303,0.625,1.375,1.0,-0.6783338201745592,-0.025646982355840287,0.04423684057746968,0.6802583607430698,132.9929412222142,117.73040165549655,10.131541115272539,160.0,120.0,-27.0070587777858,-2.26959834450345,0.6032890092601009,-0.0006034336468645218,0.2758346548657816,2.9088239632709154,TRACKING
73.33030152320862,1.3036420885734241,1.4009714468087842,0.955850175080472,0.625,1.375,1.0,-0.6786420885734241,-0.02597144680878416,0.04414982491952801,0.6805724116308753,133.66132289673416,117.06339785585791,10.189693028180324,160.0,120.0,-26.338677103265837,-2.9366021441420855,0.6152090357380828,-0.00048274691749161745,0.26910196424775,2.9144302541927436,TRACKING
73.43213176727295,1.3039163182612046,1.4013227560268484,0.9559333548244604,0.625,1.375,1.0,-0.6789163182612046,-0.026322756026848415,0.0440666451755396,0.6808539666501364,134.1298598828772,116.34120860630765,10.22680617510432,160.0,120.0,-25.870140117122787,-3.658791393692354,0.6266901275671009,-0.000386197533993294,0.26589908748620883,2.919969818515373,TRACKING
73.52666306495667,1.3041224535616953,1.4017212148689313,0.9560133545611207,0.625,1.375,1.0,-0.6791224535616953,-0.02672121486893131,0.04398664543887931,0.6810698607578332,134.82901875663387,115.64874711143395,10.224010546410582,160.0,120.0,-25.17098124336613,-4.3512528885660515,0.6400770101159106,-0.0003089580271946352,0.258027604031683,2.9253453935993665,TRACKING
73.63015699386597,1.3041842216193527,1.4022047444734416,0.956090027125861,0.625,1.375,1.0,-0.6791842216193527,-0.027204744473441567,0.043909972874139,0.6811456457589367,135.588862191812,114.37168562243207,10.249112561953988,160.0,120.0,-24.411137808187988,-5.628314377567932,0.6476871289301018,-0.00024716642175570816,0.24903767964388346,2.9305336785919476,TRACKING
73.74079370498657,1.3040112224799898,1.4027648756210014,0.956154873094123,0.625,1.375,1.0,-0.6790112224799898,-0.027764875621001384,0.04384512690587705,0.6809915739019187,135.7677625609083,113.12859554776932,10.266151184984448,160.0,120.0,-24.232237439091705,-6.871404452230678,0.654500997155598,-0.00019773313740456655,0.2508544919737033,2.9357598138413996,TRACKING
73.85388135910034,1.3035607783617298,1.4033744774486405,0.956220385312122,0.625,1.375,1.0,-0.6785607783617298,-0.028374477448640523,0.043779614687878055,0.680563366310279,135.73768397025447,111.95404189425807,10.3098508684302,160.0,120.0,-24.262316029745534,-8.045958105741931,0.6568521148203522,0.08821325335147526,0.25576107781448215,2.941088169629202,TRACKING
73.95527029037476,1.3028118300383402,1.4040516351595684,0.9563038924455013,0.625,1.375,1.0,-0.6778118300383402,-0.029051635159568434,0.04369610755449871,0.6798398519215998,136.0044945806654,111.09512723126775,10.380602426280777,160.0,120.0,-23.99550541933459,-8.904872768732247,0.6554027116095757,0.0873798103266206,0.25427641755643127,2.946385594994961,TRACKING
74.05681943893433,1.3017007288065898,1.4048312108736274,0.9564089266432153,0.625,1.375,1.0,-0.6767007288065898,-0.02983121087362739,0.04359107335678469,0.6787591319355882,136.40065020668055,109.96410664136408,10.370019550639023,160.0,120.0,-23.599349793319448,-10.035893358635917,0.6628411178004434,0.09048902444507637,0.25010194993866847,2.9515960522853497,TRACKING
74.16931629180908,1.30014786628363,1.4057013503014661,0.9565396743183228,0.625,1.375,1.0,-0.6751478662836301,-0.030701350301466146,0.04346032568167724,0.6772414740445458,136.56946575568026,108.8186908775556,10.433012774672568,160.0,120.0,-23.430534244319745,-11.181309122444404,0.660640114938931,0.09417127160730723,0.250065450106859,2.9568057491625765,TRACKING
74.27940487861633,1.298123558357433,1.40663159779852,0.956698151609997,0.65625,1.375,1.0,-0.6418735583574331,-0.031631597798519984,0.04330184839000295,0.6441096746453286,136.66630905222732,107.79176363339943,10.634528467263976,160.0,120.0,-23.33369094777268,-12.208236366600573,0.6429515480967175,0.09686563487973508,0.2509843033139133,2.9620345888149497,TRACKING
74.38350009918213,1.2956204429702372,1.4076374377774548,0.9568810540096496,0.65625,1.375,1.0,-0.6393704429702372,-0.03263743777745476,0.04311894599035038,0.6416533403575121,137.13840407608643,107.05858518922429,10.784129914625515,160.0,120.0,-22.86159592391357,-12.941414810775711,0.6331940973915059,0.09673613448502887,0.24457809409341857,2.9671299657752295,TRACKING
74.47656488418579,1.292587653660699,1.4087502869644544,0.957079477829492,0.65625,1.375,1.0,-0.636337653660699,-0.03375028696445437,0.04292052217050801,0.638675866586468,137.78996264945619,106.16308037299578,10.942355228503168,160.0,120.0,-22.210037350543814,-13.836919627004221,0.6233767784193048,0.09908749906281063,0.23507981042486842,2.972027461825748,TRACKING
74.56857371330261,1.2889606935754703,1.409953582186183,0.9572836010548756,0.6875,1.375,1.0,-0.6014606935754703,-0.03495358218618305,0.042716398945124356,0.60398792170272,138.14453422434377,104.9870634149326,11.28888482995406,160.0,120.0,-21.855465775656228,-15.012936585067393,0.5933629266937119,0.10487042849772954,0.23149458682194235,2.9768502657178715,TRACKING
74.66622304916382,1.284726042365262,1.4112132267592026,0.957484645179578,0.6875,1.375,1.0,-0.597226042365262,-0.03621322675920258,0.04251535482042201,0.5998315587455311,138.37500574802073,104.22265239219155,11.514129070897141,160.0,120.0,-21.624994251979274,-15.777347607808451,0.5804858414078546,0.10605398240093472,0.23011826784094058,2.9816443962978916,TRACKING
74.75894141197205,1.2798899801149166,1.4125424522345456,0.9576839324410512,0.6875,1.375,1.0,-0.5923899801149166,-0.037542452234545554,0.04231606755894879,0.5950848459118985,138.87481223841075,103.72578522740986,11.66053682615211,160.0,120.0,-21.125187761589245,-16.274214772590142,0.5774213825924982,0.10476301225442441,0.22352942159200975,2.9863012592477247,TRACKING
74.86853003501892,1.274437345352461,1.4139653321560353,0.9578805393469612,0.6875,1.375,1.0,-0.5869373453524609,-0.03896533215603526,0.04211946065303884,0.5897353588221813,139.162857843883,103.3544519719131,11.816166201555756,160.0,120.0,-20.83714215611701,-16.645548028086907,0.5729139841208063,0.10280691693461995,0.2210407683162209,2.9909062752543125,TRACKING
74.97443318367004,1.2683680428371034,1.4154519655411744,0.958072466311961,0.71875,1.375,1.0,-0.5496180428371034,-0.04045196554117436,0.04192753368803903,0.5526972703111478,138.99085897181496,103.11539248474645,12.222288884282726,160.0,120.0,-21.00914102818504,-16.88460751525355,0.5402135079568794,0.10012962260748927,0.22688956369389524,2.9956331411646016,TRACKING
75.08406949043274,1.2617089018180037,1.4169579489372022,0.9582651071694143,0.71875,1.375,1.0,-0.5429589018180037,-0.04195794893720217,0.041734892830585735,0.5461745506905369,138.75458689613285,103.09342743259008,12.436014807635944,160.0,120.0,-21.24541310386715,-16.906572567409924,0.5327202259446349,0.09582250446449135,0.23314143806486745,3.0004902544576195,TRACKING
75.18168830871582,1.2544769814101955,1.4184889175455666,0.9584605894046395,0.75,1.375,1.0,-0.5044769814101955,-0.04348891754556661,0.04153941059536048,0.5080490462097511,138.5577887639805,103.1280351126777,13.037912207513413,160.0,120.0,-21.44221123601949,-16.871964887322306,0.4818319477959549,0.09177558740542316,0.23794625547380568,3.0054474681133243,TRACKING
75.28923797607422,1.246689614443368,1.420056706292038,0.9586539072086703,0.78125,1.375,1.0,-0.4654396144433679,-0.04505670629203795,0.041346092791329725,0.4694397095093119,138.37586607183147,103.07503571996902,13.817219486321097,160.0,120.0,-21.624133928168533,-16.924964280030977,0.4170736190134712,0.08946854773430091,0.24195845333023822,3.0104882692243713,TRACKING
75.38512587547302,1.2384074889071761,1.4216312195364516,0.9588600222690715,0.78125,1.375,1.0,-0.4571574889071761,-0.04663121953645155,0.04113997773092848,0.4613674653322153,138.06931294669045,103.57377321797986,14.386433535630808,160.0,120.0,-21.930687053309555,-16.426226782020137,0.38330022809370357,0.08161158859098337,0.24787696916142166,3.0156523727485673,TRACKING
75.49968433380127,1.2297027895296908,1.4231920036628203,0.9590931525416047,0.78125,1.375,1.0,-0.4484527895296908,-0.04819200366282028,0.040906847458395346,0.4528860163694424,137.71540101056362,104.44330018690175,14.856889920413444,160.0,120.0,-22.284598989436375,-15.556699813098248,0.3633381239068485,0.07079634088097976,0.2541752964206237,3.0209476914239968,TRACKING
75.60577034950256,1.2206105575966937,1.4247738873756333,0.9593510748736984,0.78125,1.375,1.0,-0.4393605575966937,-0.04977388737563326,0.04064892512630158,0.4440354428985185,137.71379071668082,105.20278020754571,15.16788662278351,160.0,120.0,-22.28620928331918,-14.797219792454285,0.3619028383576114,0.062555758640051,0.25351029478486853,3.0262291558986814,TRACKING
75.70641613006592,1.2111613550659541,1.4264174769950022,0.959628698512764,0.78125,1.375,1.0,-0.4299113550659541,-0.05141747699500221,0.040371301487236,0.4348532765645785,137.90277240700465,106.02639636830315,15.505577301208207,160.0,120.0,-22.097227592995353,-13.973603631696847,0.35559324647872337,0.05456267422280471,0.2494654945288884,3.0314263537013666,TRACKING
75.80997896194458,1.2014300827097848,1.428104341397411,0.9599271840507996,0.75,1.375,1.0,-0.4514300827097848,-0.05310434139741105,0.040072815949200424,0.45630584176483474,138.07013488926006,107.20049046410408,15.427231641506772,160.0,120.0,-21.92986511073994,-12.799509535895922,0.39469460082914165,0.043563809221752375,0.24620331990973787,3.036555589532819,TRACKING
75.90105175971985,1.1915009988480194,1.4298029454374321,0.9602460856819826,0.71875,1.375,1.0,-0.4727509988480194,-0.05480294543743214,0.03975391431801745,0.4775743328991022,138.22058767801906,108.70531880166766,15.12981867763614,160.0,120.0,-21.779412321980942,-11.294681198332341,0.4510158285335027,0.030055899877733175,0.24352899847435164,3.041629110334368,TRACKING
75.9907808303833,1.1814181297504986,1.4315333705404598,0.9605749299344408,0.6875,1.375,1.0,-0.49391812975049865,-0.056533370540459815,0.039425070065559176,0.4987037968880622,138.84338199071237,110.03345722108398,14.610987460440297,160.0,120.0,-21.156618009287627,-9.966542778916022,0.5229092621658443,0.019810790694068613,0.23233632143474675,3.046469450364258,TRACKING
76.09731388092041,1.1712082943663367,1.4333236812423937,0.9609023402339334,0.65625,1.375,1.0,-0.5149582943663367,-0.05832368124239373,0.039097659766066606,0.5197233145910756,139.6709529631525,111.08157919443701,14.030343400723572,160.0,120.0,-20.3290470368475,-8.918420805562988,0.5909665033859233,0.013472757095267084,0.2182027632271742,3.051015341264824,TRACKING
76.2101047039032,1.1609167561758038,1.4351492216747093,0.9612250928655662,0.65625,1.375,1.0,-0.5046667561758038,-0.06014922167470926,0.03877490713443377,0.5097155648794389,139.85922123268975,112.17169827509011,13.78177784456456,160.0,120.0,-20.140778767310252,-7.828301724909892,0.6123504280822514,0.006980283512139893,0.216829016841684,3.055532612449026,TRACKING
76.3188636302948,1.1505819468675431,1.4369755556276425,0.9615214167051573,0.65625,1.375,1.0,-0.4943319468675431,-0.061975555627642454,0.03847858329484266,0.4996855456800693,139.73349380124833,112.98660387880858,13.763526263563522,160.0,120.0,-20.26650619875167,-7.01339612119142,0.6054484243097653,-0.07322067722104768,0.2210996368098895,3.060138854882565,TRACKING
76.42639422416687,1.1402007373598095,1.438817896066215,0.9617650637805352,0.65625,1.375,1.0,-0.48395073735980954,-0.06381789606621502,0.03823493621946483,0.48963552811977207,139.94265079258878,113.4926444499365,13.814119772884894,160.0,120.0,-20.05734920741122,-6.507355550063494,0.5923577012607381,-0.058576541776838145,0.2186204019048715,3.064693446588917,TRACKING
76.53694605827332,1.129765629343155,1.4406961910699192,0.961944980485341,0.65625,1.375,1.0,-0.47351562934315505,-0.0656961910699192,0.03805501951465895,0.4795635779160054,140.25313820683309,113.71197418725853,13.954244991047057,160.0,120.0,-19.746861793166914,-6.288025812741466,0.5715213232078665,-0.04686123342147051,0.21429686444776502,3.0691579645982454,TRACKING
76.6350269317627,1.119314835826616,1.442574935921821,0.9620636716003451,0.65625,1.375,1.0,-0.46306483582661606,-0.06757493592182096,0.037936328399654884,0.46950461036758256,140.02704136032042,114.27528245877859,14.172898728586105,160.0,120.0,-19.972958639679575,-5.724717541221409,0.5450918557720981,-0.03748898673717641,0.22003941741099617,3.0737421191276413,TRACKING
76.74012970924377,1.108896181479595,1.4444063380972902,0.9621296864066641,0.65625,1.375,1.0,-0.452646181479595,-0.06940633809729024,0.037870313593335925,0.459499690998581,139.71757535832938,114.87893359820607,14.424183366009558,160.0,120.0,-20.282424641670616,-5.121066401793925,0.5187695710536336,-0.029991189389741133,0.22668033860481074,3.0784646261819084,TRACKING
76.83918976783752,1.0985166807148126,1.4461909013832968,0.9621504274516769,0.65625,1.375,1.0,-0.44226668071481257,-0.07119090138329676,0.03784957254832311,0.4495559491902593,139.6414239829141,115.1429727934238,14.640330002954432,160.0,120.0,-20.35857601708591,-4.8570272065762055,0.49988117927040315,-0.02399295151179291,0.2283847192040196,3.0832226411653254,TRACKING
76.94815135002136,1.088167755823327,1.447937257019446,0.9621319748343117,0.65625,1.375,1.0,-0.4319177558233269,-0.07293725701944598,0.037868025165688324,0.4396666675868538,139.64019905691174,115.26793231572546,14.963704335752167,160.0,120.0,-20.35980094308826,-4.73206768427454,0.47126938298885473,-0.019194361209434328,0.22853717128640236,3.0879838322337925,TRACKING
77.06092929840088,1.0778664080387501,1.4496237065941744,0.9620859232828506,0.65625,1.375,1.0,-0.4216164080387501,-0.07462370659417439,0.037914076717149414,0.4298448212165236,139.22054146585003,115.41091976864928,15.294885067384417,160.0,120.0,-20.779458534149967,-4.589080231350721,0.44524357024433303,-0.015355488967547464,0.23638197170615893,3.092908456644338,TRACKING
77.15647411346436,1.0676285128969547,1.451243619207615,0.9620199176142284,0.65625,1.375,1.0,-0.4113785128969547,-0.07624361920761502,0.03798008238577155,0.4201045786482405,138.61270696378887,115.61709784962203,15.73294135367536,160.0,120.0,-21.387293036211133,-4.382902150377973,0.41015596791644815,-0.012284391174037972,0.24707390562979312,3.098055829678292,TRACKING
77.26410388946533,1.0574243236821583,1.4528188200159708,0.9619407478877395,0.65625,1.375,1.0,-0.40117432368215833,-0.07781882001597085,0.03805925211226047,0.4104206542096289,138.2564992725565,115.51941003474944,16.109521163336247,160.0,120.0,-21.74350072744349,-4.480589965250559,0.3858925621373438,-0.00982751293923038,0.2523525657385465,3.1033131747978455,TRACKING
77.37551093101501,1.0472162989174194,1.4543497773105654,0.9618475648106974,0.65625,1.375,1.0,-0.3909662989174194,-0.07934977731056536,0.03815243518930256,0.40075758552932617,138.09275754718126,115.02550256995042,16.531468316257673,160.0,120.0,-21.907242452818736,-4.974497430049581,0.3587737098699059,-0.007862010351384303,0.25382596406075836,3.108601215715778,TRACKING
77.48759317398071,1.0370155110392332,1.455825641501701,0.9617445866924557,0.65625,1.375,1.0,-0.3807655110392332,-0.08082564150170102,0.03825541330754434,0.39112483348473404,137.56711155849985,114.84157667046776,16.960589979908306,160.0,120.0,-22.432888441500154,-5.158423329532241,0.33332288768598023,-0.006289608281107443,0.26205023525862103,3.1140605956169995,TRACKING
77.59382891654968,1.0268433569677335,1.457271056361949,0.9616382103518882,0.65625,1.375,1.0,-0.37059335696773354,-0.08227105636194909,0.038361789648111766,0.3815489350640766,136.99635231038818,114.88747855589682,17.43485797805978,160.0,120.0,-23.003647689611824,-5.11252144410318,0.30491101809609106,-0.005031686624885955,0.27064469532793245,3.1196990267696645,TRACKING
77.69098258018494,1.0166838788939017,1.4587058461227294,0.9615315687010121,0.65625,1.375,1.0,-0.36043387889390166,-0.08370584612272935,0.038468431298987915,0.37202025473921546,136.8473558694281,114.72808481621574,17.851716771584805,160.0,120.0,-23.1526441305719,-5.271915183784259,0.28527999551435684,-0.004025349299908765,0.27102294789968606,3.125345338184241,TRACKING
77.79006767272949,1.0065259964802695,1.4600969034072944,0.9614258495689479,0.65625,1.375,1.0,-0.3502759964802695,-0.08509690340729437,0.03857415043105206,0.36252271895873456,136.90078131512826,114.47325513054022,18.336035010874603,160.0,120.0,-23.099218684871744,-5.526744869459776,0.2591151998577923,-0.003220279439927012,0.26792610814036766,3.1309271321038317,TRACKING
77.89786720275879,0.9964089541918941,1.461398312242121,0.9613220435761839,0.65625,1.375,1.0,-0.3401589541918941,-0.08639831224212102,0.03867795642381611,0.3530846453590594,136.63902576865172,114.57700250782477,18.908663521686414,160.0,120.0,-23.36097423134828,-5.422997492175227,0.22492004730135126,-0.0025762235519416095,0.2711435183857477,3.1365759554035346,TRACKING
77.98639917373657,0.9863805671292392,1.4626099464826279,0.9612163599717306,0.65625,1.375,1.0,-0.33013056712923916,-0.08760994648262788,0.038783640028269395,0.34375262153124647,136.2349033401998,114.76032346541325,19.501832384677222,160.0,120.0,-23.765096659800207,-5.239676534586749,0.19125911430690376,-0.0020609788415532878,0.2769330655340699,-3.1408399129107583,TRACKING
78.0819480419159,0.9764415187523305,1.4637502673628364,0.9611145815083004,0.65625,1.375,1.0,-0.32019151875233054,-0.08875026736283642,0.038885418491699575,0.3345314550370019,135.9692116767451,114.79282322859284,20.004859453665684,160.0,120.0,-24.03078832325491,-5.207176771407163,0.17025603843987236,-0.00164878307324263,0.2799199311025456,-3.135008247679455,TRACKING
78.17849636077881,0.9665847853161481,1.4648059370330178,0.9610221400953362,0.65625,1.375,1.0,-0.3103347853161481,-0.08980593703301776,0.03897785990466385,0.3254106004209846,135.7798655195718,114.695357910475,20.603267840591926,160.0,120.0,-24.220134480428186,-5.304642089525004,0.13926875691788432,-0.0013190264585941042,0.28149865520920697,-3.1291436923625966,TRACKING
78.27503418922424,0.9568519822938009,1.4657588254029632,0.9609385056242692,0.65625,1.375,1.0,-0.30060198229380086,-0.0907588254029632,0.03906149437573081,0.31642458262649786,134.98417165144238,115.13504767476773,21.33686868332933,160.0,120.0,-25.01582834855762,-4.864952325232267,0.09517555643212194,-0.0010552211668752834,0.294374778615317,-3.1230108844747777,TRACKING
78.37453293800354,0.9472924430262475,1.466636263155946,0.9608642250832408,0.65625,1.375,1.0,-0.2910424430262475,-0.09163626315594597,0.039135774916759236,0.30762723749077797,133.93971157343753,115.78778098859902,22.039831896513917,160.0,120.0,-26.060288426562465,-4.212219011400975,0.05819107712835564,-0.0008441769335002269,0.3110557251156976,-3.1165305568682005,TRACKING
78.47508120536804,0.9379064438016942,1.46747039360762,0.9607994805396158,0.65625,1.375,1.0,-0.2816564438016942,-0.0924703936076201,0.039200519460384164,0.2990281036205946,133.2608125227344,115.86205764258936,22.791296101538975,160.0,120.0,-26.739187477265602,-4.137942357410637,0.018260340305285533,-0.0006753415468001815,0.3200059165377966,-3.1098637669403297,TRACKING
78.58252692222595,0.9286833581946184,1.468243892376395,0.9607425685318601,0.65625,1.375,1.0,-0.27243335819461845,-0.09324389237639497,0.03925743146813987,0.2906122916329826,133.34452813977737,115.73533746768308,23.47643524706723,160.0,120.0,-26.655471860222633,-4.264662532316919,-0.011529356936603202,-0.0005402732374401453,0.3146233519196421,-3.103309113775337,TRACKING
78.69507670402527,0.919658605220679,1.4689334432042152,0.9606913468522325,0.65625,1.375,1.0,-0.263408605220679,-0.09393344320421515,0.03930865314776755,0.2824053031881564,133.7489432908553,116.00296935399399,24.2275069881999,160.0,120.0,-26.251056709144706,-3.99703064600601,-0.04752835293738564,-0.00043221858995211624,0.3042120336838269,-3.0969713630735907,TRACKING
78.80361223220825,0.910870765446701,1.4695652828478896,0.9606431341208661,0.65625,1.375,1.0,-0.254620765446701,-0.09456528284788956,0.039356865879133895,0.2744508877897709,133.85512597474928,116.43653281752285,24.936543787935403,160.0,120.0,-26.144874025250715,-3.5634671824771544,-0.07688554547773715,-0.000345774871961693,0.30047543402479293,-3.0907114581980744,TRACKING
78.91341018676758,0.9023240483446767,1.470173735039552,0.9605985757857911,0.65625,1.375,1.0,-0.24607404834467672,-0.09517373503955207,0.03940142421420889,0.26676384563921923,133.20228040043273,116.65773085897774,25.76195809396343,160.0,120.0,-26.797719599567273,-3.342269141022257,-0.11834556231167087,-0.00027661989756935443,0.31125131462278893,-3.0842270558100995,TRACKING
79.02521395683289,0.8940368040823172,1.470747292325559,0.960555126421327,0.65625,1.375,1.0,-0.23778680408231723,-0.0957472923255589,0.03944487357867299,0.2593569089787196,132.24906419997853,116.49799663121152,26.77566855499102,160.0,120.0,-27.750935800021466,-3.502003368788479,-0.17834298604996562,-0.00022129591805548354,0.3268827596956374,-3.0774169983164406,TRACKING
79.13390803337097,0.8860704668673732,1.471272435164318,0.960508545490997,0.65625,1.375,1.0,-0.22982046686737323,-0.09627243516431805,0.03949145450900304,0.25228040697375187,131.46695459619698,117.16606154930116,27.675744752852317,160.0,120.0,-28.533045403803015,-2.833938450698838,-0.22073258764580253,-0.00017703673444438684,0.3383757354963278,-3.0703675038269336,TRACKING
79.22745728492737,0.8784814562864921,1.4717880440122817,0.9604583927119713,0.65625,1.375,1.0,-0.2222314562864921,-0.0967880440122817,0.03954160728802869,0.24559781011617166,130.7736498820593,117.69235658724594,28.70023558090064,160.0,120.0,-29.22635011794071,-2.307643412754061,0.0,-0.0001416293875555095,0.3476914125314595,-3.063123932732528,TRACKING
79.3235251903534,0.8712753318572686,1.472340827956115,0.9604061176270234,0.65625,1.375,1.0,-0.21502533185726858,-0.09734082795611498,0.03959388237297656,0.23932990964122214,129.45287242333853,117.97503178170986,29.889315458212856,160.0,120.0,-30.547127576661467,-2.024968218290141,0.0,-0.0001133035100444076,0.3682807619039321,-3.0554514168595297,TRACKING
79.41822957992554,0.8644529669310839,1.4729305924944986,0.960349254409155,0.65625,1.375,1.0,-0.20820296693108387,-0.09793059249449865,0.03965074559084503,0.23347603305508569,127.71936707517006,118.3337706581114,31.200010728685523,160.0,120.0,-32.280632924829945,-1.6662293418885952,0.0,-9.064280803552608e-05,0.39533882024434247,-3.0472151914377728,TRACKING
